0.0,0,9,3155
0.0,39,40,41,49,1157,4303,5268
0.0,75,76,80
0.0,94,95,96,100,6413,7971
0.0,113,114,2923,4638
0.0,139,140,532,1649,5714
0.0,140,170,171,6413
0.0,185,186,187,190,1649,5714,7255
5.480638923341991
0.0,248,249,250,1246,1724,9911
0.0,41,280,1157,4303
0.0,287,289,1157
0.0,303,304,1269,1871,4638
0.0,22,38,90,265,309,312,313,1543,3295,5052,6262,8904
0.6931471805599453,323,2886
0.0,96,335,342,3017,3022
0.0,311,2967,6413
0.0,348,3481,3967
0.0,22,50,90,357,358,359,359,1190,1190,1543,4553,4638
0.0,366,367,371,2502,6545
1.0986122886681098,208,397
0.0,41,403,404,406,1157,4303,7683
0.0,6,208,261,262,397,409,3085,6666
0.0,433,435,4356
0.0,439,2552,6094
0.0,457,458,460
0.0,421,477,577,4638
0.0,515,516,524,1157
0.0,145,527,2552
0.0,547,647
0.0,593
0.0,597,3001
0.0,22,304,617,618,619,1871,2204,4638,6841
0.0,42,620,623,2239,4638
0.0,629
0.0,547,634,647,988,1649,5714
0.0,649,650,651,663,1157,4073,5442
0.0,477,577,675,676,679,3636
0.0,41,702,703,1157,4303
0.0,723,724,727,4638
0.0,743,2457,8951
0.0,751,752,3488,4638
0.0,757,762
0.0,771,784,2552
0.0,199,795,796,798
0.0,178,807,1356,2453,4638
0.0,828,5666
0.0,22,22,38,496,745,771,784,837,838,3295,4638,6516
0.0,186,199,200,840,841,842,846,3845,5935,7255
0.0,15,276,868,2488,4638
0.0,15,39,49,2488,4638
0.0,900,901,904,7542,9991
0.0,917,928,2552
0.0,38,304,937,1871,3295,4638
0.0,22,258,938,939,942,1531,4923,7750
0.0,185,186,190,199,7255
0.0,964,3967,6688
0.0,38,913,966,3295,3993,4356
0.0,36,42,477,577,975,2239,2716,5040
0.0,634,988,1649,5714
0.0,1000,1004,5523
0.0,139,532,634,988,1649,5714
0.0,1013,1014,4519
0.0,1021,1022,4356
0.0,1023,1025,7249
0.0,529,1033,1035,6413,8010
0.0,1045,1046,1047,4638,6157
0.0,1051,1056,7847
0.0,1062,1063,4638
0.0,1072,2578,4638
0.0,771,784,6413
0.0,1090,5704
0.0,1099,1109,1724
0.0,1121,1122,1124
0.0,529,1139,1140,6413,8010
0.0,1148,1149,1156,1157
0.0,183,1169,2158,4356,6488
5.480638923341991
0.0,359,1190,3441
5.480638923341991
0.0,1157,1216,1231
0.0,22,258,729,1232,1233,1531,4923
0.0,15,22,655,908,1236,2488,4638,5435
0.0,1244,5353,6413
0.0,977,1249,1251,1262,6413
0.0,706,1252,1253,6584
0.0,178,977,1262,2453,6413
0.0,666,1265,2382,3857,7017
5.480638923341991
0.0,872,1290,2964,10092
0.0,1305,2964,10092
0.0,23,1315,4491
0.0,1333,3455
0.0,1346,1347,4135,5312,6413
0.0,807,1356,4491
0.0,265,638,1372,1373,4638,5247,8904
0.0,477,479,577,2719,5242
0.0,562,638,1372,4638
0.0,1393,1395,7847
0.0,1415,1416,4356
0.0,1417,2250,7847
5.480638923341991
0.0,807,1356,1443,5971,6413
0.0,8437
0.0,1469,4491
0.0,298,1157,1473,1474,8124
0.0,1482,1484,2552
0.0,1491,1494
0.0,1499,4811,6463
0.0,1511,1512,4638
0.0,245,1520
0.0,258,1531,7317
0.0,665,1157,1572,1573,1574
0.0,1587,1588,6413
0.0,1592,1595,4638
0.0,901,1606,1607,1615,3539,7542
0.0,832,1622,1623,4505,5215
0.0,1000,1004,1633,1636
0.0,1645,1653,2452
0.0,218,745,1349,1663
0.0,6010
0.6931471805599453,761,6398
5.480638923341991
0.0,1711,1712,1724
0.0,1726,1727,2343,3495
0.0,1737,1738
0.0,568,1157,1742,1743,2851
5.480638923341991
0.0,22,90,1543,1784,1786,1787,1788,7190,8783
5.480638923341991
0.0,1805,1806,1807,1809,2185,7013,9223
0.0,41,977,1157,1178,1262,1815,4303
0.0,660,1013,7847,9212
0.0,298,1822,1823,1824,3857,8124
0.0,22,545,1157,1830,1831,1832,1833,4097
0.0,1837,1838,2774,7507,7975
0.0,900,901,904,3017,3022,7542
0.0,1724,1858,1859
0.0,631,1837,2774,4488,9964
0.0,304,1649,1871,5714
0.0,1876,8808
0.0,1837,2774,7507
0.0,90,1543,1884,1885,6548,6664
0.0,1909,1911
0.0,1352,1829,1916,3452,6413
0.0,1919,5649,10019
0.0,1924,1926,2552
0.0,1539,1932,2452
0.0,991,1157,1947,1948
0.0,1649,1961,5714
0.0,1967,7892
0.0,1724,1975,1976,1979
0.0,295,1985,3967
0.0,1996,1997,2001,3539
0.0,76,139,532,2552
0.0,38,304,773,1871,2023,3295,4638
0.0,22,38,90,311,347,357,358,1543,2967,3295,3507,4553,4638
0.0,2024,4518
0.0,13,2033,3989,4077,9146
5.480638923341991
0.0,1013,1014,2964,4519,10092
0.0,15,405,2060,2488,4638
0.0,564,631,2062,3108,3857,5866,9964
0.0,94,95,100,4638,7971
0.0,186,199,842,1013,5935,7255
0.0,1157,2077,2078,2081,6254
0.0,723,727,6413
0.0,2097,6413
5.480638923341991
0.0,258,1531,2107,2109,4923
0.0,21,1157,2111
0.0,2113,2124,3857
0.0,2128,6413
0.0,41,1157,2134,4303
0.0,2112,2142
0.0,183,535,2158,4356,6966
0.0,485,2162,2502,5420,5632
0.0,1652,2167,2168,4638,8272
0.0,41,1157,2174,2177,4303
0.0,1806,2185,9809
0.0,15,313,618,2204,2488,4356
0.0,1727,2207,2208,2552,3495
0.0,529,2213,2215,6413,8010
0.0,1157,2223,2224,2225,8666
0.0,2241,6413
0.0,1310,2245,4638
0.0,1180,2256,2257,2261
0.0,1193,2265,2266
0.0,6,2268
0.0,23,1315,2277,2552,4695
0.0,9872
0.0,167,529,2288,2289,4985,6413,8010
0.0,386,387,2294,4638
0.0,529,1466,2311,6413,8010
1.3862943611198906,1456,2316
0.0,977,1262,4491
0.0,178,2324,2326,2453,3017,3022
0.0,832,1622,2338,6413,9694
0.0,41,1157,2345,4303
0.0,2349,2350,2351,7807,9991
0.0,41,1157,2355,2356,4303
5.480638923341991
5.480638923341991
0.0,1013,1849,2384,7847
0.0,2391,2394,9223
0.0,6,22,194,199,2405,2406,2408
0.0,651,2411,2414,4073,4491
0.6931471805599453,1051,1056
0.0,41,1157,2420,2424,4303
0.0,323,2886,4638
0.0,2427,2441,6413
0.0,187,1649,1662,2443,5714
0.0,178,628,2453,4638
0.0,258,619,1531,2455,4923,6424
0.0,98,199,203,2459
0.0,1727,2207,2208,2964,3495,10092
0.0,1523,1724,2470
0.0,2452,2479,2480
0.0,22,1774,2483,4491,5153,6472
0.0,15,529,2488,6413,8010
0.0,262,934,2491,2502,3085
5.480638923341991
0.0,2513,2515
0.0,146,934,2491
5.480638923341991
0.0,445,2540,6934
0.0,22,2547,3139
0.0,479,807,1356,2305,2719
0.0,22,90,357,358,445,900,904,1110,1543,2540,4553,4638
0.0,1157,1266,2205,2563
1.0986122886681098,2570,5566
0.0,1076,2576,3857,3936
0.0,560,754,1013,4638
0.0,258,1531,2590,4923
0.0,1157,2205,2595
0.0,2596,2611,4800
5.480638923341991
0.0,2290,2626
0.0,361,1645,1653,2631
0.0,306,564,1919,3108,4638,5649
0.0,529,832,1622,6413,8010
0.0,2650,2658
0.0,1498,2644,2661,4638,4918
0.0,631,2667,3052,9964
0.0,329,1237,2676,4356,7806
0.0,311,496,513,977,1262,2967,4638,6516
0.0,265,777,2682,6262,8904
0.0,951,2684,3155
0.0,258,477,577,1531,4923
0.0,199,200,208,397,840,841,846,3845
0.0,510,1314,2701,4385,6262
0.0,2702,2705,8432
0.0,807,892,975,1157,1356,2716,3886
0.0,2481,2485,4638
0.0,421,479,2719,4638
0.0,568,1173,1742,8771
0.0,139,332,532,9693
0.0,1975,1979
0.0,807,1356,2738,2744,6413
0.0,41,1157,2748,2749,4303
0.6931471805599453,183,2158
0.0,470,975,2716,2762,4491
0.0,2765,6182,6413
0.0,666,2768,2769,4488,7017
0.0,1837,2771,2772,2774,6413
0.0,1807,2427,2441,7013,9991
0.0,2782,3857,8874
0.0,1305,1649,5714
0.0,2795,7249
0.0,1013,2552,2801
0.0,218,1663,1665,2807,3633,4638,8121
0.0,41,1157,1669,2812,2813,2821,4303
0.0,41,1157,1669,2821,4303
0.0,1157,1352,2205,3452
0.0,178,405,977,1262,2060,2453,6413
0.0,75,80,2511,4356
0.0,2552,2845,2846
0.0,41,1157,1743,2851,4303
0.0,2854,2857,6413
0.0,15,1157,2488,2861
5.480638923341991
0.0,90,313,1543,1784,1788,2876,8342
0.0,22,22,38,90,357,358,997,1415,1416,1543,2877,3295,3516,4553,4638
0.0,311,2967,4356
0.6931471805599453,323,2886
0.6931471805599453,2887,2891
5.480638923341991
0.0,1807,2913,2914,7013,9991
0.0,113,199,413,2923,7490
0.6931471805599453,382,1527
0.6931471805599453,676,682,2932
0.0,2107,2109,9991
0.0,41,1157,2941,2942,4303
0.0,698,830,2953,6413
0.0,22,2305,2483,2487,5153,8340
0.0,564,2964,3108,3857,10092
0.0,311,913,2967,4077
0.0,1438
0.0,41,1157,2976,2977,2978,4303
0.0,977,1262,2990,2991,6413
0.0,3000,4356
0.0,22,3002,3003,3880,7847
1.6094379124341003,3011,4964
0.0,3017,3022,3025
0.6931471805599453,183,2158
0.0,3040,4356
0.0,8296
0.0,1996,2001,3056
5.480638923341991
0.0,288,1046,3064,4488,6157
0.0,304,998,1726,1871,2343,4638
0.0,3069,9223
0.0,177,3072
0.0,146,1226,3080
0.0,262,633,2502,3085
5.480638923341991
0.0,38,966,3295,3993,9991
0.0,265,564,2964,3108,8904,10092
0.0,3110,9890,9991
0.0,22,1216,1231,2505,3114,3155,4573,8730
0.0,1393,1395
0.0,3132,3133,4488
0.0,22,2547,3138,3139,6662
0.0,3146,3857,7846
0.0,37,3151,4638
5.480638923341991
0.0,103,546,832,1157,1622,4075
0.0,186,199,842,3172,3173,5935,7255
0.0,134,3174,7122
1.0986122886681098,2926,3190
0.0,405,1057,2060,3017,3022,10157
0.0,2959,3206,4638
0.0,139,304,313,532,1871,4638
0.0,22,96,212,1781,3224,4222
0.0,521,546,1157,1237,2205,2676,3227
0.0,15,41,807,1157,1356,2488,4303
0.0,15,2488,3231,3232,4638
0.0,977,1262,2623,3233,6413
0.0,311,1157,2967
5.480638923341991
0.0,1727,2552,3251,3252,3495
0.0,265,829,1157,1665,3257,3633,8904
5.480638923341991
0.0,2452,3020,3268
0.6931471805599453,3857
0.0,2552,2885,3278
0.0,2569,3287
0.0,38,688,3291,3295
0.0,38,2552,3295
0.0,41,1157,3298,3299,4303
5.480638923341991
1.0986122886681098,3318,3326
0.0,529,1139,1140,8010
0.0,445,2540,8800,8801
5.480638923341991
0.0,313,568,618,1157,1669,1742,2204,2821
0.0,1033,1035,3371,4076,6413
0.0,3374,8343
0.0,1649,3383,3384,5714
0.0,38,346,1523,2470,3295,6413
5.480638923341991
0.0,41,1002,1157,3405,4303
0.0,1346,4135,4491
0.0,2648,3416,4041,4638
0.0,497,510,1498,2661,4385,4638
0.0,840,846,1168,2502
0.0,15,1157,2205,2224,2488,8666
0.0,3436,3437
0.0,457,460,3438,7847
0.0,832,1157,1622,3440,3441
0.0,1046,1157,3444,3450,6157
0.0,1352,1358,3452,4356
0.0,651,900,904,1157,2084,4073,5227
0.0,199,1333,3455
1.791759469228055,1837,2774
0.0,22,90,357,358,1543,1591,3477,3822,4553,4638
0.0,200,840,841,846,1649,3845,5714
0.0,666,3486,4488,7017
0.0,1157,2224,3492,4399,8666
0.6931471805599453,1727,3495
0.0,1628,3499,9958
0.0,98,631,2071,3501,3857,9964
0.0,827,3505
0.0,347,3507,6413
0.0,178,313,618,2204,2453,4638
0.0,983,2552,3511
0.0,94,100,2552,3518
5.480638923341991
0.0,311,1157,2967,3526,3631
0.0,1099,1109,1112
0.0,103,1727,2552,3495,4075
0.0,2552,3546,3547
0.0,913,2033,3989,4356
5.480638923341991
0.0,2502,3576
0.0,3578,4796
0.0,109,960,1400,2741,3592,7566
0.0,361,2631,3428,4638,4732
0.0,41,665,1157,1572,1669,2821,4303
0.0,878,2502,3608,3609
0.0,3613,3614,3615,4356
0.0,2471,3619
0.0,3526,3631,4356
0.0,1665,3633
0.0,22,1157,3639,3640,3641
0.0,101,655,659,666,1157,1236,3646,7017,7279
0.0,1157,3650,3651,5454
0.0,1036,2026,3668,7571
0.6931471805599453,971,3672
0.0,498,1157,1364,3684
5.480638923341991
5.480638923341991
0.0,1649,3703,3926,5714
0.0,329,3708,3857,7806
0.6931471805599453,134,3174
0.0,638,972,1372,3729
0.0,183,2158,3738,3742
0.0,977,1262,3369,6413
0.0,39,41,49,1157,3400,3823,4303
0.0,3753,3760,4811
0.0,38,837,838,3295
0.0,1013,1633,1636,2964,10092
5.480638923341991
0.0,41,1157,2728,3780,4303
0.0,3017,3022,3788,3789
0.0,2478,3796,9815
0.0,94,100,1157,2205,3804
0.0,708,3809,9223
0.0,2552,3469,3814
0.0,323,2886,3818,4638
0.0,1727,2338,2502,3495,9694
0.0,22,496,1591,3477,3822,4638,6516
0.0,3400,3823,9958
5.480638923341991
5.480638923341991
5.480638923341991
0.0,38,581,1151,3295,3844
0.6931471805599453,841,3845
0.0,2552,3860,3861
1.0986122886681098,2570,5566
0.0,22,38,496,1051,1056,1901,3058,3295,4638,4887,6516
0.0,3857,3869
0.0,1310,1919,2245,5113,5649
0.0,568,892,1742,3886
0.0,38,1151,2552,3295,3844
0.0,3890
0.0,3900,3902
0.0,1665,3633,3903,3904,3967
0.0,76,139,532,9991
0.0,313,496,2324,2326,4638,6516
0.0,581,901,2244,3914,7542
0.0,3919,3920,4638
0.0,313,618,1157,1844,2204
0.0,1538,1550,3025
0.0,529,3927,6413,8010
0.0,688,3291
0.0,41,1076,1157,3936,4303
0.0,110,660,1481,3939,3940,6413,9212
0.0,3941,6413
5.480638923341991
0.0,146,470,2762
0.0,1724,1988,3966
0.0,3969,3971
0.0,666,3981,3985,4488,7017
0.6931471805599453,1104,3988
0.0,475,3996,4897,6572
5.480638923341991
0.0,407,618,2204,2272,3300,4638,7364
0.0,2502,4011
0.0,672,1665,3633,4356,6435
0.0,6902
0.0,4026,4027,10019
0.0,287,289,9223
0.0,258,1531,4032,4033,4923
0.0,311,445,581,2540,2967
0.0,1103,4036
0.0,4039
0.0,4043,4052,4762
0.0,529,4053,4054,6413,8010
1.6094379124341003,3011,4964
0.0,989,3620,4068,6784,7847
0.0,1013,1014,2162,2502,4519,5632
0.0,529,3371,4076,6413,8010
0.0,879,2290,2626,4077,5839
0.0,1033,1035,2041,5339
0.0,186,199,842,3465,4088,5935,7255
0.6931471805599453,405,2060
0.0,1157,1831,3441,4097
5.480638923341991
0.0,367,421,2502,4105,4106,6545
0.0,178,832,1622,2453,7847
0.0,1666,1837,2774,4113,7507
0.0,977,1262,2117,3636
0.0,1157,4125
0.0,977,1262,2748,2749,6413
0.0,2964,3200,4130,10092
0.0,660,1346,3967,4135,9212
0.6931471805599453,2099,4136
0.0,313,618,2204,2994
0.0,4145,4147,8076,8078
0.0,496,1193,2155,4148,4638,6516
0.0,972
5.480638923341991
0.0,1649,4155,5714,6570
5.480638923341991
0.0,183,2158,2290,2626,4356
0.0,5404,7643
0.0,1157,4171,4173
5.480638923341991
0.0,650,663,1157,4178,4667
0.0,1076,2351,3936,9223
0.0,183,2158,2552
0.0,311,977,1262,2967,6413
5.480638923341991
0.0,529,1033,1035,8010
0.0,22,496,1234,1235,4638,6516
0.0,1807,2427,2441,7013
1.0986122886681098,4197,4199
0.0,633,2062,3857,5866
0.0,4208,5126,8145
0.0,304,1871,4216,4638,6299
0.0,41,977,1157,1262,4303
0.0,4026,4027
0.0,183,2158,4219,4220,4356
0.0,22,96,212,4222
0.0,178,807,1356,2453,2628
0.0,186,199,842,948,4230,4231,5935,7255
0.0,199,208,397,4233
0.0,7657
0.0,529,2442,4244,6413,8010
0.0,4251,10156
0.0,41,1157,1927,4174,4259,4303
0.0,22,90,265,309,313,558,1543,2876,4262,5052,6262,8342,8904
0.0,1483,4265
0.0,477,577
0.0,1724,2033,3989,4275
0.0,262,1196,3085,4276,8143
0.0,4280,6413,8339
0.6931471805599453,564,1014,3108,4519
0.0,761,1314,2701,4292,4638,6398
0.0,3967,4294
0.0,618,1157,2100,2204
0.0,1157,4299,4301
0.0,15,2112,2142,2488,6413
0.0,22,304,1774,1871,4302,4638,6307,6472
0.0,41,1157,4303,4356
0.6931471805599453,457,460
0.0,1314,2701,3155
0.0,1511,1512,4488
0.0,0,9,22,38,90,311,347,510,1543,2967,3295,3507,4385,6262
5.480638923341991
0.0,3531,4319
0.0,1071,4324,9223
5.480638923341991
0.0,22,22,38,90,745,771,784,837,838,1543,1784,1788,3295
0.0,98,420,2502,4330
0.0,633,1837,2774
5.480638923341991
0.0,723,727,3857,4347,4348
0.0,783,3077,4355,4356,6109
0.0,145,146,527
0.0,258,1531,4216,4923,6299
0.0,183,2158,4356,4381
0.0,510,861,4385,4638
0.0,1157,2078,4387,4390,6254
0.0,1057,2305,3492,4399,10157
0.6931471805599453,676,682,2932
0.0,22,90,1234,1235,1543,1784,1788
0.0,426,4110,4402
0.6931471805599453,3693,4404
0.0,15,335,342,2488,2552
0.0,23,1315,3155
0.0,975,2716,4638
5.480638923341991
0.0,4416,4418
0.0,22,876,1605,2099,4136,4424,4638,5484
0.0,170,171,1157,2205
0.0,41,1157,4303,4429,4430
0.0,4437,5021
0.0,3727,4441,5486
0.0,361,2452,2631
0.0,98,3857,4451,5705
0.0,506,4461,4800
0.0,110,1166,4465,4466,4723,5242
0.0,4473,4475
0.0,382,1527,9958
0.0,529,3866,4483,6413,8010
0.0,76,139,529,532,6413,8010
0.0,2452,3172,3173,3283,4486
0.0,3476,4487,4488
0.0,70,173,975,2716,3017,3022,4493,5542
0.6931471805599453,1466,2311
0.0,3155,4497,4499
0.0,178,2453,2552
0.0,2256,2257,2261,7847
0.0,1157,4502
0.0,134,3174,4638
0.0,1157,4510,4511
0.0,41,1157,2901,4303,4515,9432
0.0,15,618,2204,2488,4638
0.0,1014,4519,4800
0.0,547,647,2964,10092
0.0,1837,1891,2774,4538,6413
0.0,2509,4540,6413
0.0,1074
0.0,313,618,975,1157,2204,2716
0.0,22,70,90,183,357,358,1166,1543,2158,3017,3022,4553,4723,5542
0.0,723,727,4347,6413
0.0,22,90,173,347,357,358,1543,1837,2774,3017,3022,3507,4493,4553,4559,4560
0.0,325,934,2491,2552,8009
0.0,659,1157,4562,4564,7279
0.0,178,183,2158,2453,4638
0.0,1925,4570
0.0,22,103,426,3114,4075,4402,4573,4574
0.0,1558,2913,2914,4579,6413
0.0,1393,1395,4638
0.0,977,1262,2948,4583,6413
0.0,2502,4584
0.0,581,4589,4590
0.0,382,1527,6124
5.480638923341991
0.0,22,50,90,357,358,359,359,1190,1190,1543,3017,3022,4553
0.0,1377,4610,7507
0.0,1668,4617,4618,4638
0.0,1774,1996,2001,6472
0.0,335,342,7847
0.0,1928,2552,3011,4964
0.0,631,2062,3857,5866,9964
0.0,1157,4630,4631
0.0,529,1346,4135,8010
0.0,139,327,532,753,2927,4633
0.0,208,397,1662,2272,2443,7364
0.0,298,1157,4646,4647,8124
0.0,1157,4145,4147,4651
0.0,2393,4491,4656
0.6931471805599453,43,4658
5.480638923341991
0.0,32,934,2491,4178,4638,4667,8970
0.0,4672
0.0,3115,4674
0.0,4679,4680
0.0,1456,2316,4681,8437
0.0,103,1013,2277,4075,4491,4695
0.0,1498,2661
0.0,8501
0.0,4713,4714,5242
0.0,405,529,2060,6413,8010
0.0,884,4717
0.0,881,1166,2552,4723
0.0,2552,4724,4725
0.0,22,38,90,1051,1056,1543,1784,1788,1901,3058,3295,4887
0.0,186,199,262,842,3085,4603,4730,5935,7255
0.0,1605,3428,4732,5484
0.0,760,4738
0.0,775,4741,6413
5.480638923341991
0.0,134,989,2251,3174,3294,6784,8676
0.0,21,2111,4762
0.0,858,3025,4763,8954
0.0,3521,4770
0.6931471805599453,6645
5.480638923341991
0.6931471805599453,1000,1004
0.0,178,313,618,2204,2453,2628
0.0,1157,1831,2728,3780,4097,4713,4714
1.0986122886681098,22,1643,2564,4794
0.0,1014,4356,4519,4800
0.0,4,4806
1.3862943611198906,2393,4656
0.0,1157,3943,4566,4818
0.0,880,4072,4638
0.0,2314,4638,4827
0.6931471805599453,2486,4835
0.0,1649,3919,3920,5714
0.0,199,265,335,342,413,7490,8904
5.480638923341991
0.0,311,913,2967,4356
0.0,22,496,4638,4854,4855,4856,6516
0.0,178,477,577,2453
0.0,529,1845,4860,8010
0.0,127,367,2502,4862,6545
0.0,1180,1989,4864,4865
0.6931471805599453,1033,1035
1.0986122886681098,4197,4199
0.0,2471,3619,3850,5673
0.0,529,938,942,3058,4887,6413,8010
0.6931471805599453,1310,2245
0.0,3996,4002,4896,4897,9958
0.0,265,309,5052,6262,8904
0.0,367,1130,2502,4901,6545
0.0,2471,3619,7507
0.0,4638,4905,6042
0.0,22,258,335,342,1531,4907,4907,4908,4908,4923
0.0,1157,4621,4910
0.0,22,90,357,358,1543,1643,2864,3017,3022,4553,4794
0.0,2502,4911,4913
0.0,747,1377,1724,4610,8897
0.0,4145,4147,9223
0.0,421,2502,2644,4918
0.0,348,3481,3967,4921,4922
0.0,38,258,937,1531,3295,4923
0.0,4924,7546,9614
0.0,1135,4105,4106,4638,4933
1.6094379124341003,1289,4934
0.0,142,225,564,3108
0.0,1157,4937
0.0,665,1157,1572,2427,2441,2848
0.0,39,41,49,1157,4303,4945
0.0,70,304,382,1527,1871,4638,5542
0.0,4589,4590
0.0,1784,1788
0.0,627,2448,4956,7540
0.0,22,38,90,357,358,1415,1416,1543,2877,3017,3022,3295,3516,4553
0.0,142,564,3108
0.0,13,477,577,4638,9146
1.6094379124341003,3011,4964
0.0,564,3108,3857,4966
0.0,972,4970,4972
0.0,4154,4979
0.0,672,1665,3633,4488,6435
0.0,22,1216,1231,2505,3114,4573,5768,8730
0.0,167,4985
0.0,186,199,4993,7255
1.3862943611198906,1166,4723
0.0,922,1157,3406,5008
0.0,22,304,729,1232,1233,1871,4638
0.0,265,361,2631,4638,8904
0.0,1806,1807,2185,6413,7013
0.0,94,95,100,2628,7971
0.0,1538,1539,1550,1932,2452
0.0,1157,5032
0.0,1754,5043,9223
1.0986122886681098,2926,3190
0.0,309,1180,1665,3633,5052
0.0,771,784,4638
0.0,22,94,100,529,1928,3518,6413,8010
0.0,1208,5057
0.0,203,2459,5884
0.6931471805599453,5068,7318
0.0,90,357,358,1543,3017,3022,4406,4553,6522
0.0,951,2684,7507
0.0,2452,5089,5090
0.6931471805599453,1000,1004
0.0,2113,2124
0.0,108,4083,5100,9507
0.0,15,41,618,1157,2204,2488,4303
0.0,369,2552,5106
0.0,199,361,413,562,2631,7490
5.480638923341991
0.0,3479,5120
0.0,41,313,618,1157,2204,4303
0.0,1919,5649
0.0,1506,2502,2650,2658,5127
0.0,38,688,3291,3295,9991
0.0,1157,5128
0.0,199,5132
0.0,1013,6413
0.0,972,1523,2470
0.0,5148,5150,5277,8367
0.0,22,50,90,618,1543,1784,1788,2204,3363
0.0,3793,5152,8145
0.0,22,90,357,358,1543,1591,3017,3022,3477,3822,4553
0.0,2483,5153,7657
0.0,32,2290,2552,2626,8970
0.0,96,183,2158,4638
1.3862943611198906,1456,2316
0.0,167,529,2288,2289,4985,8010
0.0,631,2062,3819,3857,5866,9964
5.480638923341991
0.0,921,2552,5171
0.0,5173,5174
0.0,807,1356,2994
0.0,22,258,1051,1056,1531,3058,4498,4887,4923
0.0,672,1628,3499,6413,6435
0.0,6609
0.0,882,5193
0.0,15,2488,4356
0.0,518,2552,5197
0.0,1430,4811,5201
0.0,1157,5208
0.0,1623,5215
0.0,767,5217
0.0,5219,5226
0.0,258,1531,2084,4017,4923,5227
5.480638923341991
0.0,4095,5233,6413
0.0,421,479,529,2719,6413,8010
0.6931471805599453,1033,1035
0.0,1995,4638,5236
0.0,38,1157,1579,1971,3295,5238
0.0,1157,5242
0.0,1180,1373,5247
0.0,22,90,357,358,1543,1786,1787,4553,4638,7190,8783
5.480638923341991
0.0,697,1727,2552,3495,5257
0.0,167,2288,2289,4985
0.0,40,4811,5268
0.0,4356,5271,5272,5273
0.0,22,90,357,358,1543,4553,4638,4646,4647,5276
0.0,1157,5277,5278,8367
0.0,15,1807,2427,2441,2488,4356,7013
0.0,1157,2279,5287,5288
0.0,50,5295,5298,9223
0.0,5301,6611
0.0,298,1157,5306,8124
0.0,536,5309
0.0,660,1347,5312,6413,9212
5.480638923341991
0.0,146,1210,5319
0.0,529,1346,4135,6413,8010
0.6931471805599453,3013,5325
1.6094379124341003,1289,4934
0.0,22,173,347,496,1837,2774,3507,4493,4559,4560,4638,6516
0.0,302,1157,1166,2078,4723,6254
0.0,22,288,1868,2113,2124,3064,4638
0.0,423,4638,5335
0.0,96,4638,5337,5338
0.0,1665,2041,3633,3967,5339
0.0,951,2684
0.0,5349,5352,6413
0.0,1013,1537
0.0,1244,4638,5353
0.0,4638,5355,7570
0.0,94,95,100,1724,7971
0.0,22,50,1036,1259,3668,4168,4356,5365,6245
0.0,1013,1057,10157
0.0,199,796,1996,2001
0.0,1393,1395,4638,5378
0.0,101,140,178,313,618,2204,2453,3646,6413
0.0,5387,6358,6413
0.0,22,199,413,1727,1974,3495,5388,7490
0.0,5390,5391,7507
0.0,22,38,304,1216,1231,1871,2112,2142,3295,4638
0.0,348,747,1724,3481,8897
5.480638923341991
0.0,199,5397,5398
0.0,199,249,413,445,2540,7490
0.0,529,1466,2311,3857,8010
0.0,1112,5405,6665
0.0,1890,4488,5414,5415
5.480638923341991
0.6931471805599453,1226,1517,3080,5427
0.0,2452,3101,5433
0.0,101,407,666,908,1157,2205,3646,5435,7017
0.0,22,304,1871,2393,2550,4638,4656,6636
0.0,1157,5436
0.0,521,2084,2552,3227,5227
0.0,276,309,868,5052,6413
0.0,485,1649,5420,5714
5.480638923341991
0.0,1157,5284,5452,5453
0.0,90,313,1543,1784,1788,2324,2326
0.0,1431,2552,5461
0.0,113,2923,3194,4638,9407
5.480638923341991
0.6931471805599453,5475,5478
0.6931471805599453,6645
0.0,2423,5483
0.0,1605,2452,5484
0.0,346,5485,6413
0.0,6124
0.0,22,178,2453,2483,2552,3186,5153
0.0,22,70,183,496,1166,2158,4638,4723,5542,6516
0.6931471805599453,4811
0.0,457,460,559,5492,8510
5.480638923341991
5.480638923341991
0.0,1157,5501
5.480638923341991
0.0,2483,4638,5153
0.0,874,1781,3224,5512
0.0,6617
0.0,40,1157,2078,5268,6254
0.0,265,437,454,3192,5521,8266,8904,9815
0.0,0,9,22,38,90,510,1415,1416,1543,2877,3295,3516,4385,6262
0.0,41,607,1002,1157,3405,4303,5522
0.0,607,5522
0.0,22,1157,5528,5529,6616
0.0,411,536,4638,5309
0.0,5538,5539,5541
0.0,70,2552,5542
0.0,1880,2502,3726,5545,8459
0.0,5549,9151
0.0,5554,5555,6413
0.0,38,546,1157,1927,3295,4168,4259,5365
0.0,1975,1979,10019
0.0,1665,3633,6413
0.0,258,313,1531,4923
0.0,1737,1738,4638
0.0,564,3108,3857
0.0,258,1531,3400,3823,4923
0.0,830,934,2491,4638
0.0,158,361,1013,2631,4638
0.0,1477,4356,5579,7703
0.0,41,1157,1831,4097,4303
0.0,1157,5523,5583,5584
0.6931471805599453,335,342
0.0,1359,5509,5593
0.0,5610
0.0,140,618,2204,6413
0.0,1417,2250
0.0,454,3857,4689,5619,8424
0.0,265,880,2502,4072,5407,5625,8904
0.0,22,829,830,1214,2552,3257
0.0,108,2162,4155,5100,5632,6570
0.0,3693,4404,4762
0.0,90,357,358,989,1543,3400,3823,4553,4638,6784
0.0,1096,3857,4283,5636
0.0,510,1974,4385,5388,6262
0.0,878,4638,5645
0.0,41,1157,4303,5650,5657
0.0,98,1465,3857,5658
0.0,829,830,3257,6413
0.0,2502,3428,4732
0.6931471805599453,1499,6463
0.0,1121,1124
0.0,1971,5238
0.0,3850,5673,7317
0.0,2948,3413,4583,6413
0.0,1157,5677,5678
0.0,187,736,1649,5684,5685,5714
0.0,2552,3371,4076
0.0,15,2488,4491
0.0,347,2552,3507
0.0,199,413,1668,4617,7490
0.0,564,1014,2502,3108,4519
0.0,2295,3857,4629,5710
0.0,103,926,2099,2552,4075,4136,6947
0.0,22,258,619,1531,3058,4887,4923
0.0,1649,3079,5714,5978,6645
5.480638923341991
0.0,311,2552,2967,5724,6402
0.0,470,2735,2762,4840,5448,5725,10103
0.0,423,5335,7847
0.0,38,90,265,309,832,1543,1622,1781,3224,3295,5052,6262,8904
0.0,2413,2452,5734
0.0,13,2279,4638,5287,9146
0.0,22,199,413,627,3200,4130,4956,7490
0.0,1517,4638,5427
0.0,638,1372,5738
0.0,3153,5739
0.0,2677,3857,5745
0.0,98,366,371,3857
0.0,2644,4811,4918
0.0,281,5756
0.0,1649,5714,5757,9333
0.0,706,1253,5764,6584
0.0,1076,3155,3936
0.0,130,805,4638,5770
0.0,2552,5771,5772
0.0,841,3845,3858
0.0,41,1157,3390,4303,5776
0.0,298,1157,1831,4097,8124
0.0,146,1506,5127
0.0,142,564,1649,3108,5714
0.0,723,727,4638,5699
0.0,140,488,5791,6413
0.0,445,2540,2628,5794
0.6931471805599453,6413
5.480638923341991
0.0,1157,2728,3780,5805,5806
0.6931471805599453,1499,6463
0.0,874,5512
0.0,556,631,795,798,2295,2667,3052,3857,5710,9964
0.6931471805599453,361,2631
0.0,3716,5820
0.0,3122,5823
0.0,1013,5825
0.0,37,3151,8951
0.0,367,648,2502,4509,5829,6545
0.0,4110,4165,5831
0.0,4955,5832
0.0,313,618,2204
0.0,5834,5836,8951
0.0,13,977,1262,4638,9146
0.0,529,3436,3437,6413,8010
0.0,22,258,1531,1643,2864,4794,4923
0.0,879,5839,7847
5.480638923341991
0.0,937,6413
0.6931471805599453,3237,5854
0.0,1112,1781,3224,5857,6867
0.0,1112,1314,2701
0.0,631,2062,4077,5866,9964
0.0,39,49,1157,5562
0.0,258,977,1262,1531,4923
0.0,1724,5874,5877
0.0,5768
0.0,41,881,1157,4303
0.0,22,39,49,496,893,4093,4638,5896,6516
1.0986122886681098,651,1013,4073
0.0,3858
0.0,3413,6645
0.0,0,9,22,90,183,311,325,510,1543,2158,2967,4385,6262,8009
5.480638923341991
0.0,313,5909,9991
0.0,3169,5913,6413
0.0,281,529,5756,6413,8010
0.6931471805599453,41,1157,4303
0.0,103,3866,4075,4483,6413
0.0,445,2540,7280
0.0,4638,5049,5927
0.0,445,2540,2552
0.0,41,313,618,1157,1765,2204,4303
0.0,186,199,208,397,842,5935,7255
0.0,22,70,173,496,977,1262,4493,4638,5542,6516
1.0986122886681098,208,397
0.0,249,1724,5942,5943
0.0,361,2631,4638
0.0,546,832,1622,2205,4638
0.0,258,1531,4923
0.0,1517,1649,5427,5714
0.0,5949,6413,9324
1.6094379124341003,977,1262
5.480638923341991
0.0,2552,4696,5958
0.0,1005,5961,5964,9958
0.0,2552,4196,5969
0.0,651,908,1157,2988,4073,5435
5.480638923341991
0.0,2452,5976,5977
0.0,307,1724,3079,5978
0.6931471805599453,262,3085
0.6931471805599453,5994
0.0,199,736,5684,5685
5.480638923341991
0.0,1649,5714,6010
0.0,22,38,90,265,309,311,989,1543,2967,3295,5052,6262,6784,8904
0.0,1994,4178,4638,4667
1.3862943611198906,5148,5150
5.480638923341991
0.0,22,38,258,1531,2427,2428,2441,3295,4923,6034
0.0,1130,4901
0.0,4356
0.0,13,811,4077,4872,4905,6042,9146
0.0,186,199,842,2869,5935,6047,7255
0.6931471805599453,564,3108
5.480638923341991
0.0,39,49,2203,3857,6059
0.0,1558,4579,4638,6065
0.0,4371,6066
0.0,22,304,938,939,942,1871,4638,7750
0.0,22,50,304,359,359,1190,1190,1871,4638
0.6931471805599453,1466,2311
0.0,529,5795,6072,6413,8010
0.0,1845,2552,4860
0.0,2502,4197,4199
0.0,650,663,1157,3613,3615
5.480638923341991
0.0,146,242,6087,6088
0.0,2552,4178,4667
0.0,103,1051,1056,2305,2411,2414,4075
0.0,361,421,1013,2631,4638
1.0986122886681098,39,49
0.0,439,4356,6094
0.0,178,2256,2257,2261,2453,7122
0.0,4638,6099
5.480638923341991
0.0,783,2552,6109
0.0,22,50,90,359,359,1190,1190,1543,1784,1788
0.0,1352,2552,2982,3452,4308,6112
0.0,4,972,4806
5.480638923341991
0.0,3145,3400,3823,6117
0.0,470,1605,2099,2762,4136,4638,5484
0.0,22,199,413,3371,4076,5795,6072,7490
0.0,6126,9991
0.0,457,460,1374,4638
0.0,15,723,727,2488,4638
0.0,934,2491,2826,4077,9226
0.0,38,3295,6135,6136,6413
0.0,50,4168,5365,9991
0.0,2452,2869,6047
0.0,41,1157,1249,1251,4303
5.480638923341991
1.0986122886681098,3726,5545
0.0,199,1431,2608,5461,6154
0.6931471805599453,1046,6157
5.480638923341991
0.0,15,807,1356,2488,6413
0.0,2907,5587,6164
0.0,6166,6168,6413
5.480638923341991
0.6931471805599453,841,3845
0.0,22,50,90,283,1543,1784,1788,5295,5298,6181
0.6931471805599453,3400,3823
0.0,1040,6183
0.0,183,1314,2158,2701
0.0,1724,6186,6190
0.0,559,855,2964,5492,6198,10092
5.480638923341991
1.791759469228055,1837,2774
0.0,98,212,2693,3857,4222,6217
5.480638923341991
5.480638923341991
0.0,369,1649,1662,2443,5106,5714
0.0,15,454,1643,2488,4794,9815
0.0,41,2728,3780,4303,6413
0.0,405,2060,7249
0.0,186,199,842,951,2684,5935,7255
0.0,22,70,90,183,357,358,1166,1543,2158,4553,4638,4723,5542
1.6094379124341003,977,1262
0.0,620,623,9753
0.0,4356,6230,7310
0.0,6,5379,6237
1.791759469228055,1837,2774
0.0,41,1259,1669,2821,4154,4303,6245
0.0,41,101,1157,3058,3646,4303,4887,6250,6856
0.0,323,2886,4356
0.0,98,510,1649,4385,5714
0.0,2078,6254
0.0,535,6966
0.0,4638,6263
0.0,22,39,49,90,357,358,893,1543,4093,4553,4638,5896
0.0,366,371,638,1372,4638
0.0,581,688,3291
0.0,1306,6264,6267
0.0,41,566,4303,4356,6271
0.0,41,1157,2084,2818,4303,5227,6272
0.0,2181,6282
0.0,139,532
0.0,367,547,647,2502,6545
0.0,22,6052,6291,6292,6293
0.0,1157,2545,6297
0.0,1726,2343,6124
0.0,22,1675,4491,6979
0.0,445,2540,6124
1.3862943611198906,1456,2316
5.480638923341991
0.0,861,3727,4441,4638
0.0,1157,6308
0.0,134,2628,3174
5.480638923341991
5.480638923341991
0.0,186,199,842,5935,7255
0.0,1539,1932,2962,6331
0.0,875,2502,6336
5.480638923341991
0.0,1013,6349
0.0,22,766,6352,6353,9570
0.0,183,2158,2279,3857,5287
0.0,22,304,335,342,1871,4638,4907,4907,4908,4908
0.0,6365,8232,10175
0.0,1289,1476,4934,6377
0.0,3911,6380,7280
0.0,786,1013,4638
0.0,323,421,2552,2886
0.0,2452,2509,4540
0.0,367,1775,2502,6389,6545
0.0,2333,6391
0.0,951,2684,5768
0.0,361,2631,7847
0.0,38,90,94,100,265,309,1543,1781,3224,3295,5052,6262,8904
0.6931471805599453,761,6398
0.0,304,1871,3145,4638,6117
0.0,262,950,2452,3085
0.0,119,1775,4638,6389,8705
0.0,660,2552,5358,6406,9212
0.0,298,1157,6407,6408,8124
0.6931471805599453,134,3174
0.0,832,1622,2338,4356,6413,9694
0.0,4840
0.0,536,2964,5309,10092
1.3862943611198906,5148,5150
0.0,6421,6422,8149
5.480638923341991
0.0,22,346,672,2552,6435
5.480638923341991
0.0,1996,2001
0.0,3968,6413,6448
5.480638923341991
0.0,50,303,496,1269,4638,6516
0.0,357,358,3017,3022,4553
0.0,178,479,2453,2719
0.0,1499,3767,6463
0.0,2628,6470
0.0,421,1774,4638,6472
0.0,242,6087
0.0,90,357,358,989,1543,3017,3022,3400,3823,4553,6784
0.0,3318,3326,6363,9815
0.0,1157,4776,6478
0.0,199,200,840,841,846,3845,6479
0.0,15,335,342,2488
0.0,6413,6485,6486
0.0,22,477,496,577,807,1356,4638,6516
0.0,1169,6488
0.0,2502,6491,6775
0.0,199,5414,5415
0.0,85,1157,6891
0.0,334,407,2552,6501
5.480638923341991
0.0,22,41,1157,3657,4303,4396,6513
5.480638923341991
0.0,529,5771,5772,6413,8010
0.0,496,4638,6516
5.480638923341991
0.0,470,2762,5421
0.0,22,90,357,358,1543,2393,2550,4553,4638,4656,6636
0.0,258,1531,4406,4923,6522
0.0,1036,3668,4638
0.0,805,882,5193
0.0,90,313,357,358,1543,2876,3017,3022,4553,8342
5.480638923341991
0.0,15,807,1356,2488,4638
5.480638923341991
0.0,2257,4337,4638,6533
0.0,1157,6534
0.0,1013,1623,5215,6413
0.0,367,4638,6545
0.0,1884,3967,6548,6549
0.0,22,90,445,900,904,1110,1543,1784,1788,2540
0.0,178,977,1262,2453,4638
0.0,1724,4584
0.0,70,2552,2822,5542,6561
0.0,38,837,838,3295,9991
0.0,348,1994,3481,4356
0.0,498,1364,3684,6413
5.480638923341991
0.0,6564
0.0,475,1724,4026,4027,6572
0.0,6573,6580,9223
0.0,3289,3857,6581
0.0,22,50,90,283,357,358,1543,4553,4638,5295,5298,6181
0.0,1373,2826,4077,5247,9226
0.0,1558,3857,4579
0.0,22,23,38,90,587,1315,1543,1784,1788,3295
0.0,22,304,1253,1871,4638,6584,6585,6586
0.0,3857,6587,9873
0.0,761,950,2452,6398
5.480638923341991
0.0,1346,4135,6124
0.0,6597,6599
0.0,384,631,2074,2295,2667,3052,3857,5710,9964
5.480638923341991
0.0,5301,6413,6485,6486,6611
0.0,39,49,1157,6612
0.0,1649,5714,6615,8958
0.0,334,407,1157,6501
0.0,1030,4356,6620
0.0,369,512,5106,6621,7847
0.0,5706,6624
0.0,4124,5961,5964
0.0,3304,5148,5150,6629,7499
0.0,22,96,212,1377,4222,4610
0.0,22,496,2393,2550,4638,4656,6516,6636
0.0,2393,4656,9991
0.0,3079,5978,6645
0.0,6646,6648
0.0,1036,1890,3668,4638
0.0,1036,2552,3668
0.0,479,977,1262,2305,2719
0.0,2078,4393,6254,6658
0.0,139,532,1884,6548
0.0,261,262,2452,3085,6666
0.0,313,483,6669
0.0,6413,6674,6680
0.0,146,6684
0.0,1377,1724,4165,4610,5831
0.0,723,727
0.6931471805599453,335,342
0.0,22,304,1051,1056,1871,3058,4498,4638,4887
0.6931471805599453,6305,6695
0.0,1692,6698,6699
0.0,38,1157,3295,6704,6783
0.0,3827,4491,6706
0.0,1989,4165,4864,5831
1.3862943611198906,900,904
0.0,108,936,2502,5100
0.0,655,1157,1236,6720
0.0,218,258,1349,1531,1663,4923
0.0,242,564,3108,3857,6087
0.6931471805599453,1104,3988
0.0,361,2631,2964,10092
0.0,146,2528,6730
0.0,183,1283,2158,4356
0.0,3857,6733
0.0,989,3425,5833,6038,6784
0.0,2502,6740,9303
0.0,2256,2257,2261,4356
0.0,123,926,4638,6745,6947
0.0,199,262,1196,3085,4276
5.480638923341991
0.0,4197,4199,10019
0.0,1649,2552,3011,4964,5714
0.0,367,2502,6491,6545,6775
0.0,6,3155,5397,5398
0.0,22,90,1543,1784,1788,4032,4033,4562,4564,4649,9428
0.0,729,1232
0.0,2162,2502,4155,5632,6570
0.6931471805599453,6704,6783
0.0,989,6784
0.0,638,878,1372,4638
0.0,3614
0.0,146,426,4402
0.0,479,627,2719,4638,4956
0.0,1104,2552,3988,6459
5.480638923341991
0.0,2959,3206
0.0,1377,4610,7847
1.6094379124341003,1289,4934
0.0,96,183,2158
0.0,488,4731,5791,6810
0.0,1726,2343,2928
5.480638923341991
1.6094379124341003,977,1262
0.0,697,1157,1352,2205,3452,5257
0.0,41,1157,2990,2991,4303
0.0,628,4586,4638,6827
0.0,39,49,1157,2288,2289,6720
5.480638923341991
5.480638923341991
0.0,41,807,1157,1356,1765,4303
0.0,1157,6842,6843
0.0,41,1157,2906,4303,4401,6844
0.0,415,4077,6846
0.0,307,3079,4077,5978
0.0,1467,2502,4586,6827,6853
0.0,0,9,22,38,90,510,771,784,837,838,1543,3295,4385,6262
0.0,22,101,281,2181,3646,5756,6250,6282,6856
0.0,989,4638,6784
0.0,90,311,513,977,1262,1543,1784,1788,2967
0.0,4898,6864,7122
1.3862943611198906,900,904
0.0,22,22,70,90,173,357,358,681,977,1262,1543,4493,4553,4638,5542,5936
0.0,304,1871,4638,5397,5398
0.0,369,1013,2964,5106,10092
0.0,2279,2608,5287,6154
0.0,6413,6873,6877
0.0,1831,4097,4356,6720
0.0,1623,1628,3499,4505,5215
0.0,3967,6470
0.0,1754,5043,6888,6889,9223
0.0,41,403,406,1157,4303,6890
0.0,22,90,1543,1784,1788,4646,4647,5276
0.0,85,2552,6891
0.0,485,4638,5420
1.0986122886681098,22,1643,2564,4794
0.0,1157,4193,6898
0.0,4024,6900,6908
0.0,628,3909,6413,6912
0.0,22,618,807,1356,2204
0.6931471805599453,6919,6922
0.0,327,3857,4250,6923
0.0,1157,6924
0.0,178,470,2453,2762,3017,3022
0.0,729,1157,1232,6932,7961
0.0,1523,2470
0.0,1166,2084,4723,5227
0.6931471805599453,926,6947
0.0,347,3507
0.0,2305,6950,6952
0.0,22,1216,1231,1649,2505,3114,3155,4573,5714,8730
0.0,1347,5312,9991
0.0,41,1157,1831,4097,4303,6955
0.0,70,258,382,1527,1531,4923,5542
0.0,2340,6959
0.0,4356,6963,6964
0.0,535,6966,8954
0.0,22,258,617,618,619,1531,2204,4923,6841
0.0,3948,6969
0.6931471805599453,1157
0.0,15,1157,1352,2205,2488,3452
0.0,1627,1675,6413,6979
0.0,878,2255,4638,6984
0.0,2552,2877,3516
5.480638923341991
0.0,558,2502,4262,6153
0.0,1157,6997,6998,6999,7005
0.0,1884,3084,4077,6548
0.0,3114,4573,4762
0.0,199,249,760,4738
0.0,313,618,2204,3857,6721
0.0,258,313,496,1531,4638,6516
0.0,22,90,357,358,1543,3017,3022,4032,4033,4553,4562,4564,4649,9428
0.0,1807,6413,7013
0.0,1157,2078,6254,7015,8517
0.0,666,4488,7017
0.0,1013,1482,1484
5.480638923341991
0.0,41,1157,1831,4097,4303,7028
0.0,510,4385,8432
0.0,41,1157,4303,5922,6444,7031
0.0,139,140,199,413,532,881,7490
0.0,1157,1924,1926,2205
0.0,564,3108,3857,3911,6380
0.0,457,460,479,2719,4638
0.0,3304,3441,5148,5150,6629
0.0,22,496,1643,2864,4638,4794,6516
5.480638923341991
0.0,22,369,421,4638,5106
0.0,313,1259,6245,9991
0.0,535,832,1108,1622,1781,3224,4638,6966,7050
0.0,183,2158,3857,4219,4220
0.0,2753,4491,7057
0.0,688,1352,3291,3452
0.0,708,1157,3809,5329,7060
0.0,281,977,1262,2628,5756
0.0,1726,2343
0.0,96,313,2954,7074
0.0,479,913,2719
5.480638923341991
0.0,3727,4441,4638
5.480638923341991
0.0,672,2290,2626,6413,6435
0.0,649,2552,5442
5.480638923341991
0.0,379,564,3108,3857,6050,7096
0.0,697,1727,3495,5257,6413
0.0,837,838,4165,5831,6413
0.0,672,3857,4178,4667,6435
0.0,304,1871,3400,3823,4638
0.0,477,577,2994
5.480638923341991
0.0,2388,2964,5860,7110,9769,10092
0.6931471805599453,6413
0.0,41,566,1157,4303,4951,6271,7115
0.0,1456,2316,4077,4685
0.0,1988,3966,9991
0.0,2502,7120
0.0,1013,4638,7122
0.0,186,199,7124,7255
0.0,1587,1588,2552
0.0,2913,2914,6413
0.0,749,4811,7138
0.0,1341,7147
1.3862943611198906,2393,4656
5.480638923341991
0.0,119,3395,3801,4638,8705
1.0986122886681098,2297,7174
0.0,2628,6886,7180,7181
0.0,41,1157,4303,7184,7684
0.0,22,258,1531,1786,1787,4923,7190,8783
0.0,3857,6705,7191
1.0986122886681098,2753,7057
0.0,2962,6331,6413
0.0,1013,1014,4519,4638
0.0,1724,7199,7200
0.0,2552,3927
0.0,648,1571,4638,7206
0.0,41,1157,3400,3823,4167,4303,7207
0.0,41,1157,2288,2289,4303,5932,7208
0.0,2552,3436,3437
0.0,1355,4491,7212
0.0,6413,7218
0.0,811,878,2502,4872
0.0,7226,7479
0.0,41,1157,4303,7228,7229
0.0,529,4696,5958,6413,8010
0.0,369,512,5106,6621,8275
0.0,618,975,1814,2204,2716,4638,7238
0.0,218,745,1663,1665,3633,9991
5.480638923341991
0.0,22,96,212,2502,4222
0.0,22,90,1237,1543,1784,1788,2676,7245,9249
0.0,1333,3455,7507
0.0,638,1372,4503,5112
0.0,925,7248,7249
0.0,186,348,3481,4488,7255
0.0,186,248,249,1246,1333,1724,3455,7255
0.0,631,795,798,2295,2667,3052,3857,5710,9964
0.0,2279,5287
0.0,21,2111,4491
0.0,22,304,1643,1871,2864,4638,4794
0.0,186,187,842,1649,5714,5935,7255
0.0,94,100,265,2552,3518,8904
0.0,1180,3200,4130
0.0,2552,2950,7266
0.0,4638,4911,4913
0.0,41,1157,2174,2177,4303,4387,4390
0.0,7271,8178,9223
0.0,6,22,90,880,1014,1543,1880,2481,2485,3155,4072,4519,8459
0.0,2677,3017,3022,5745
0.0,134,1585,3174,7847,8637
5.480638923341991
0.0,31,6413,7278,10106
0.0,659,3818,4638,7279
0.0,881,2162,2502,5632
0.0,1523,2470,2826,4077,9226
0.0,5976,5977,6413
0.0,4567,7284
0.0,5080,6413,7290,7292
0.0,323,805,2552,2886
0.0,496,908,2552,5435,6516
0.0,457,460,1585,2964,8637,10092
0.0,1216,1231,4811
0.0,178,313,618,2204,2453,6413
0.0,7280
0.0,183,2158,2279,4356,5287
0.0,167,2288,2289,2552,4985
0.0,650,663,1157
1.0986122886681098,3318,3326
0.0,101,323,666,1157,2886,3646,7017
0.0,7309,9223
0.0,1665,3633,9958
0.0,6230,7310
0.0,651,688,1157,2988,3291,4073
0.0,1837,2774,3857,5880
0.0,1959,7319
0.0,6,208,397,6300
0.0,41,1157,4303,5834,5836
0.0,345,900,901,904,908,5435,6413,7326,7542
0.0,1374,4638,5381,7328
0.0,96,335,342
0.0,1157,3657,6513,7330,7331
0.0,618,1157,2204,2623,3233
0.0,22,38,90,357,358,1051,1056,1543,1901,3058,3295,4553,4638,4887
0.0,7343,7345
1.791759469228055,1837,2774
0.0,15,39,49,2488,4356
0.0,5939,6413,7352,7353
0.0,5343
0.0,2452,7362,7363
0.0,2272,2340,4638,6959,7364
0.0,41,1157,1166,2174,2177,4303,4723
0.0,1909,1911,4356
0.0,359,1157,1190,7072
0.0,386,387,2294,5645
0.0,50,1166,4723,9991
5.480638923341991
0.0,6413,7383,7384
0.0,22,304,951,1216,1231,1871,2684,4638
0.0,776,2826,3155,7385,9226
0.0,2552,4053,4054
5.480638923341991
5.480638923341991
0.6931471805599453,41,1157,4303
1.3862943611198906,900,904
0.0,832,1622,2205,6413
0.0,298,1157,7411,7412,8124
0.0,22,38,90,311,989,1543,1784,1788,2967,3295,6784
0.0,22,50,496,618,2204,3363,4638,6516
0.0,22,1431,4005,5461,7414,7507
0.0,22,90,1543,1784,1788,2393,2550,4656,6636
5.480638923341991
0.0,723,727,742,6413
0.0,4488,7427,7429
0.6931471805599453,4851,7430
5.480638923341991
5.480638923341991
0.0,70,5542
0.0,90,357,358,1193,1543,2155,3017,3022,4148,4553
0.0,567,1539,1932,7439,7440,7507
0.6931471805599453,167,901,2288,2289,4985,7542
0.0,22,186,199,361,842,950,1645,1653,2631,5935,7255
0.0,949,2338,2502,7448,9694
0.0,70,173,618,2204,2314,4493,4638,4827,5542
0.0,186,199,761,842,5935,6398,7255
0.0,22,258,1531,2393,2550,4656,4923,6636
0.0,22,275,880,1013,4072,4638,7460
0.0,1352,1829,1916,2552,3452
0.0,1724,7456,7457
0.0,275,2552,7460
0.0,631,2295,2667,3052,3857,5710,9964
0.0,22,304,399,1871,3479,4638,5120,7464
0.6931471805599453,1013,1623,5215
0.0,1157,2695,5297,7485
0.0,672,900,904,2552,6435
0.0,405,2060,2205,4638
0.0,971,3672,3967
0.0,199,413,7490
0.0,7249,7493
0.0,113,129,2923,2927
0.0,108,672,5100,6413,6435
0.0,22,496,879,4638,5839,6516
0.0,4356,7498,7499,7500
0.0,1890,2471,3619,4638
0.0,22,258,1531,1774,4302,4923,6307,6472
0.0,22,199,413,3020,3268,4453,6029,7490,7503
0.0,1377,1649,4610,5080,5714
0.0,175,3017,3022
0.0,1675,6979
5.480638923341991
0.0,7531,9223
0.0,880,2162,2502,4072,5632
0.0,1180,3890
0.0,15,2488,3371,4076,4356
0.0,747,1724,1989,4864,8897
0.0,1374,4638,5464,7538
0.0,2181,5523,6282
0.0,2448,2552,7540
0.0,901,7542
0.0,167,2288,2289,4985,9991
0.0,22,38,90,357,358,1051,1056,1543,1901,3017,3022,3295,4553
0.0,805,1465,5658
0.0,15,729,1157,1232,2488
0.0,4045,6872,7557
0.6931471805599453,167,901,2288,2289,4985,7542
0.0,4800,7563
0.0,212,245,1520,1837,2774,3592,4222,7566
0.0,2026,7571,7847
0.0,1649,2959,3206,5714
0.0,477,577,2994,6413
0.0,2528,6413,6485,6486,6730
0.0,4907,4908
0.0,41,1157,3400,3823,4168,4303,5365
0.0,359,1157,1190,3033,7586
0.0,22,90,183,311,357,358,529,1466,1543,2158,2311,2967,4553,4638,8010
0.0,3767,7592
1.0986122886681098,3726,5545
0.0,510,2552,4385
0.0,22,262,788,1168,2502,3085,7596
0.0,91,631,2644,3857,4918,8846,9964
0.0,628,3155,7606,8493
1.6094379124341003,977,1262
0.0,178,977,1262,2453
0.0,146,7616,7617
0.0,41,1157,4303,7621,7622
0.0,1157,7627
0.0,1055,1060,2305,7630
0.0,327,665,913,1157,1572
5.480638923341991
5.480638923341991
0.0,3017,3022,7635
0.0,688,2552,3291
0.0,41,50,1157,3613,3615,4303
0.0,475,6572,7640,7641
0.0,258,998,1531,1726,2343,4923
0.0,50,405,496,2060,4638,6516
0.0,43,4491,4658
0.0,4356,5404,7643
0.0,6413,6917,7647
0.0,477,577,3614
0.0,50,1036,3668,3857,5295,5298
0.0,1649,3025,5714
0.0,2482,4638,7656
0.0,110,1157,1331,7658
0.0,304,1871,2107,2109,4638
0.0,1240,2502,2648,7660
0.0,7407,7662
1.6094379124341003,977,1262
0.0,581,1033,1035
0.0,688,3291,4356
0.0,1157,2115,6999,7667
0.0,8800,8801
0.0,43,4491,4658,7677,7678
0.0,951,1724,2684
0.0,901,2033,3989,7542,9991
0.0,404,1157,5650,5657,7683
0.0,4028,4488,7685
0.0,50,288,1157,2078,3064,4393,6254,6658
0.0,95,832,1622,4077,7971
0.0,22,22,38,90,357,358,745,771,784,837,838,1543,3295,4553,4638
0.0,7690,9223
0.0,22,90,357,358,1543,2393,2550,3017,3022,4553,4656,6636
0.0,329,2502,2697,7692,7806
0.0,15,908,2488,2552,5435
0.0,22
0.0,2287,4638,7701
0.0,186,199,842,5935,7255,7704,7705
0.0,6508,7707,7709
0.0,861,1013,4638
5.480638923341991
5.480638923341991
0.0,178,807,1356,2453,6413
0.0,1417,2250,8510
0.0,1112,2297,7174
0.0,37,3151,3155
0.0,6678
5.480638923341991
0.0,22,163,335,342,5939,7352,7842
0.0,4356,6875,7741
5.480638923341991
0.0,2452,3172,3173,5224,7748
0.0,562,2502,7749,8295
0.0,939,7249,7750
1.0986122886681098,39,49
0.0,3526,3631,4638
0.6931471805599453,218,901,1663,1665,3633,7542
0.0,32,1013,4638,8970
0.0,1880,4077,4178,4667,8459
0.0,346,1352,2181,3452,6282,6413
0.0,571,3857,7762,7763
0.0,41,1157,2728,3780,4303,7766,7767
0.0,41,1157,2288,2289,4168,4303,5365
0.0,304,1626,1871,2738,2744,4638,8495
0.0,85,445,2181,2540,2552,6282,6891
0.0,1180,4064,7771
0.0,4762,7777
0.0,186,199,7255,7779
0.0,648,1506,2502,5127
0.0,22,90,173,347,1543,1784,1788,1837,2774,3507,4493,4559,4560
0.0,22,38,90,311,357,358,989,1543,2967,3295,4553,4638,6784
0.0,2213,2215,2552
5.480638923341991
0.6931471805599453,5068,7318
0.0,7795
0.0,139,225,532,4638
0.0,22,246,876,2099,2426,4136,4638,6076
0.0,0,9
0.0,6645,7805,7958
0.0,329,1649,5714,7806
0.0,23,926,1315,2502,6947
0.0,2350,7807
0.0,186,199,842,2509,4540,5935,7255
0.0,41,1157,4303,7815,7816
0.0,35,36,535,631,3025,5040,6966,9964
0.0,7824
0.0,1346,2552,4135
0.0,1989,3967,4864,7829,7830
0.0,134,3174,7847
0.0,564,631,3108,3857,9964
5.480638923341991
0.0,4491,5068,7318
0.0,3017,3022,7280
0.0,22,90,183,265,309,311,529,1466,1543,2158,2311,2967,5052,6262,8010,8904
0.0,15,163,2488,4638,7842
0.0,1403,2502,7844
0.0,15,454,2488,3146,7846,9815
0.0,167,4985,8145
0.0,386,387,1180,2294
5.480638923341991
0.0,7853,8659
0.6931471805599453,6305,6695
0.0,313,618,1157,2204,2623,3233
0.0,41,1157,4303,7877
0.0,1157,5562,7880
0.0,258,997,1531,2738,2744,4923
0.0,3577,4638,7890
0.0,665,1572,1665,1967,2628,3633,7892
0.0,2628,7897,7898
0.0,5169,7900,7901,9223
0.0,426,2964,4402,7902,10092
0.0,98,2502,7904,7905
0.0,199,413,881,1781,3224,7490
0.0,6934
0.0,672,900,904,6413,6435
0.0,918,1157,4566,4818
0.0,22,38,90,311,347,357,358,1543,2967,3017,3022,3295,3507,4553
0.0,22,199,413,3869,6704,6783,7490
0.0,313,445,618,2204,2540,2552
0.0,110,1481,3939,3940,4491
0.0,142,564,2452,3108
0.0,38,1157,2290,2626,3295,7923,8314
0.0,477,577,3441
5.480638923341991
0.0,547,647,1649,5714
0.0,123,926,4505,6745,6947
0.0,938,942,2552,3058,4887
0.0,4077,7941,7942,7944
0.0,4679,4680,9958
0.0,7946,9223
0.0,1157,6050,7096,7951,7953
0.0,934,2491
0.0,22,90,235,854,1543,1784,1788,4854,4855,4856
0.0,568,1742,5050
0.0,329,1310,1649,2245,5714,7806,7956
0.0,1374,3200,4130,4638
0.0,22,327,1157,3170,6932,7961
0.0,41,566,1157,4303,6271
0.0,1823,3857,6943,7965,8876
0.0,807,1356
0.0,38,85,966,2552,3295,3993,6891
0.0,1837,1890,2774,4638
0.0,1781,3224
0.0,199,413,7490,7972,7973
0.0,457,458,460,4638
0.0,1033,1035,6124
0.0,1838,7507,7975
0.0,22,1878,4224,4638,7978
0.0,3400,3823,7980,7984,9223
5.480638923341991
5.480638923341991
5.480638923341991
5.480638923341991
0.0,2272,4638,7364
0.0,4497,4499,4516,4811
0.0,1837,2155,2774,4148
0.0,407,5295,5298,6413
0.0,6413,8008
0.0,38,325,581,3295,8009
0.0,529,1649,5714,8010
0.0,1157,8011
5.480638923341991
5.480638923341991
5.480638923341991
0.0,564,1465,3108,3857,5658
0.0,807,913,1356,4356
0.0,22,90,235,357,358,854,1543,4553,4638,4854,4855,4856
0.0,382,1527,2061,4167,7207,8031,9991
0.0,1229,2240,4638,8034
1.3862943611198906,1166,4723
0.0,7657,8039
0.6931471805599453,1046,6157
0.0,298,1157,8044,8045,8124
0.0,265,1180,4165,5831,6886,7180,8904
0.0,4811,6892,8050
0.0,265,437,1229,3192,5379,5521,8266,8904
0.0,1357,4638,8057
0.0,22,445,496,900,904,1110,2540,4638,6516
0.0,900,904,913,4356
0.0,1055,1060,4491,7630
0.0,22,304,619,1871,2455,3079,4638,5978,6424
0.0,186,199,1431,5461,7255
0.0,470,1157,2257,2762
0.0,90,311,357,358,513,977,1262,1543,2967,4553,4638
0.0,2552,6884,8069
0.0,22,50,258,359,359,1190,1190,1531,4923
0.0,2590,4638
0.6931471805599453,5994
0.0,3857,6230,7310
0.0,2452,8074,8075
0.0,1157,8076,8078
0.0,212,3858,4222
0.0,199,200,840,841,846,3845
0.0,628,1781,1892,3224,3967,8080
0.0,15,2488
0.0,3730
0.0,265,908,5435,6413,8904
0.0,15,618,2204,2488
0.0,8088,8089
0.0,8092,9223
0.0,304,477,577,1871,4638
0.0,1157,8093,9465
0.0,2502,8098
0.0,139,332,532,4638,9693
0.0,8101
0.0,5039,8102
0.0,3251,3252,6413,7326
0.0,90,313,357,358,1543,2324,2326,3017,3022,4553
0.0,13,2290,2626,4638,9146
1.0986122886681098,2753,7057
0.0,633,3857,4196,5969
0.0,651,4073
1.0986122886681098,2570,5566
0.0,265,6413,8904
0.0,347,367,2502,3507,6545
0.0,22,298,304,1871,4638,6955,8124
0.0,41,90,750,1543,1784,1788,4303
0.0,335,342,2452,3172,3173
0.0,41,1157,4303,8125
0.0,3857,8129,8130,8131
5.480638923341991
0.0,75,80,2552
0.0,13,108,2502,5100,9146
1.6094379124341003,1289,4934
0.0,178,529,2453,6413,8010
0.0,3117,4356,8139
0.0,22,23,38,90,357,358,587,1315,1543,3017,3022,3295,4553
0.0,1538,1550,6413
0.0,329,1237,2502,2676,7806
0.0,1431,2608,5461,6154
0.0,200,840,841,846,3845,4077
0.6931471805599453,457,460
0.0,900,904,1112
0.0,22,199,361,413,485,2631,5420,7490
0.0,1662,2443,2452,8147,9013
0.0,218,913,1663,1665,3633
0.0,510,1180,4165,4385,5831
0.0,564,1208,3108,3857,5057,8150
0.0,529,688,3291,6413,8010
0.0,41,1157,4303,8156,8157
0.0,5618,8159
0.0,6934,8160
0.0,23,1315,6413
0.6931471805599453,3857
0.0,407,1157,5295,5298
0.0,1355,1754,5043,7212
0.0,103,880,1593,3017,3022,4072,4075,8171
0.0,880,2502,4072,7805,7958
0.6931471805599453,43,4658
0.6931471805599453,262,3085
0.0,258,1531,1966
0.0,510,1649,4385,5714
0.0,304,977,1262,1871,4638
0.0,4931,5549,9151
0.0,1033,1035,8800,8801
0.0,98,2674,3857,8185
0.0,5458,8187,9223
0.0,1014,4519,4523
0.0,777,1548,2682,4638
0.0,6069,8198
0.0,323,2886,6413,6485,6486
0.0,2162,5632,9809
0.0,1570,2257,4356,8205
0.0,369,1013,4638,5106
0.0,1104,1649,2552,3988,5714
0.0,103,1628,3499,4075,4638
0.0,4356,8207,8208
0.0,22,85,199,249,413,2127,6891,7490
0.0,421,1130,4077,4901
0.0,638,648,1372,2964,10092
1.0986122886681098,651,1013,4073
0.0,3727,4441,6122,8213
0.0,2552,8217,8218
0.0,1013,10019
0.6931471805599453,304,1871,4638
0.0,1774,1996,2001,2305,6472
0.0,8223
0.0,2274,4638,8226
0.0,479,2719,4638
0.0,6365,8232
0.0,90,357,358,1543,4406,4553,4638,6522
0.0,22,496,1237,2676,4638,6516,7245,9249
1.3862943611198906,5148,5150
0.0,1727,3495,4638
5.480638923341991
0.0,134,3174,3177
0.0,829,2162,2502,3257,5632
0.0,90,688,998,1543,1784,1788,2876,3291,8342
0.0,212,934,2491,4222
0.0,4491,8245,8246
0.0,41,1157,4303,5308,8247
0.0,22,38,258,1216,1231,1531,2112,2142,3295,4923
0.0,186,199,230,262,842,3085,5935,7255,8252
0.0,6008,8253
0.0,22,96,212,2552,4222
0.0,313,618,2204,4491
0.0,788,1919,4638,5649
0.0,457,460,8145
5.480638923341991
0.0,258,1531,3079,5978,6645
0.0,2608,6154,9223
0.0,3192,8266
0.0,367,512,2502,3608,3609,6545,6621
0.0,41,1157,2136,4303,8270
0.0,22,22,70,90,173,681,977,1262,1543,1784,1788,4493,5542,5936
0.0,2168,8272
0.0,5486,8277
0.0,90,265,309,1543,3270,5052,6262,8904
5.480638923341991
1.0986122886681098,208,397
0.0,405,407,2060,2205,2628
0.0,8293,8294
1.0986122886681098,2297,7174
0.0,566,977,1262,6271,6413
0.0,178,1013,2453,3186,4638
0.0,270,1000,1004,8303
0.0,3040
0.0,457,460,3177
0.0,13,618,2204,2623,3233,4638,9146
0.0,5271,5272,5273
0.6931471805599453,971,3672
0.0,879,4638,5839,7923,8314
0.0,3911,6380
0.0,858,4763
0.0,723,727,4638,8316
0.0,2452,3465,4088
0.0,2552,3908,8319
0.0,22,875,2502,6336,8322
0.0,445,1237,2540,2676
0.0,3237,4491,5854
1.3862943611198906,900,904
0.0,1013,1014,4519,6413
0.0,913,2033,3989
5.480638923341991
5.480638923341991
0.0,90,989,1543,1784,1788,3400,3823,6784
5.480638923341991
0.0,2487,8340
0.0,313,496,2876,4638,6516,8342
0.0,41,1157,2427,2441,2728,3374,3780,4303,8343
0.0,1576,4356,8351
5.480638923341991
1.3862943611198906,1166,4723
0.0,3433,3967,6080,8361,9047
0.0,7498,7499,7500
0.0,546,1157,1927,4259,5562
0.0,39,49,1157,5277,8367
0.0,22,90,265,309,313,1523,1543,2470,3395,3801,5052,6262,8904
0.0,3017,3022
0.0,723,727,3324,4638
0.0,1216,1231,6413
0.0,22,22,38,90,997,1415,1416,1543,1784,1788,2877,3295,3516
0.0,38,85,347,2552,3295,3507,6891
0.0,1692,4356,6698,8376
0.0,382,1527,2754,9958
0.0,146,3800,8380
0.0,313,618,1036,2204,3668,6413
5.480638923341991
0.0,276,868,4811
0.0,15,807,1356,2488,4356
0.0,41,1157,4303,8395,8396
0.0,651,1013,4073,7847
0.0,8400
0.0,22,23,38,90,357,358,587,1315,1543,3295,4553,4638
5.480638923341991
0.0,934,2491,3539
0.0,954,1612,4638,8406
0.0,510,4385,4638
0.0,212,564,2693,3108,3857,4222,6217
0.0,1166,4723,6247,8414,9223
0.0,38,1781,3224,3295
5.480638923341991
0.0,479,1013,2719,4638
0.0,2272,2299,4638,7364,8423
0.0,2826,3155,5619,8424,9226
5.480638923341991
0.0,38,3295,6950,6952,9991
0.0,651,1013,2305,4073
0.0,15,335,342,2488,4638
0.0,634,988,1456,2316,2502
0.0,723,724,727,3857
0.6931471805599453,405,2060
5.480638923341991
0.0,3613,3614,3615
5.480638923341991
0.0,8453
0.0,1149,1157,3696,8456
0.0,1880,2552,8459
0.0,2147,8461
0.0,1013,4638,8463
0.0,564,3108,3857,8465,8467
0.0,445,672,2540,4356,6435
0.0,2869,6047,6413
0.0,188,4491,8468
5.480638923341991
0.0,1840,8475
0.0,723,727,3857
0.0,298,1157,4776,6478,8124
0.0,2686,6413,7703,8480
0.0,22,90,357,358,477,577,807,1356,1543,3017,3022,4553
0.0,139,258,313,532,1531,4923
5.480638923341991
0.0,1661,4077,8489
0.0,4488,7612,8490
0.0,1157,1924,1926,7326
0.0,979,1626,4638,8495,8607
0.0,1781,2552,3224
0.0,22,90,183,311,529,1466,1543,1784,1788,2158,2311,2967,8010
0.0,560,754,1013,1180
0.0,2502,8497
0.0,41,2990,2991,4303,4356
0.0,2552,3110,9890
0.0,2427,2441,2552
5.480638923341991
0.0,546,1237,2552,2676
0.0,1403,3793,5152,7844,8510
0.0,139,510,532,4385,6262
0.0,445,2540,4491
0.0,1157,8512,8514
0.0,420,4330
0.0,2628,5297,5355,7485,7570
0.0,723,727,2306,4356
5.480638923341991
0.0,934,2491,2552
0.0,496,1352,2552,3452,6516
0.0,41,3655,4154,4303,8523
1.3862943611198906,1456,2316
0.0,22,1216,1231,2505,3114,4573,4762,8730
5.480638923341991
5.480638923341991
5.480638923341991
0.0,37,3151,6413
0.0,145,146,527,3017,3022
0.0,304,1871,4638,8543,9658
5.480638923341991
5.480638923341991
0.0,4777,8553
0.0,22,183,311,496,529,1466,2158,2311,2967,4638,6516,8010
0.0,1157,2815,4100,8557
0.0,3653,5242,8559
0.0,900,904,9991
5.480638923341991
0.0,313,421,479,618,2204,2719,4638
0.0,8569,9421
0.0,96,829,3257
0.0,2452,4997,8575
0.0,298,1144,1157,8124,8576
0.0,4811,8579
0.0,52,1909,1909,1911,1911,4923,6596
0.0,2552,8580,8581
0.0,15,38,688,2488,3291,3295,4356
0.0,2639,4638,8583
0.0,4356,8585,8586
0.0,39,49,50,9991
0.0,470,2762,4356,5421
0.0,3967,8588
5.480638923341991
0.0,687,2552,8603
0.0,559,5492
0.0,22,90,357,358,1543,4032,4033,4553,4562,4564,4638,4649,9428
0.0,41,979,1157,1815,4303,8607
0.0,335,342,6413
0.0,421,1483,3857,4265
0.0,108,1014,2502,4519,5100
0.0,7976,8613,8954
0.6931471805599453,2099,4136
0.0,38,183,2158,3295,6413
5.480638923341991
5.480638923341991
0.0,2552,8628
0.0,7095
5.480638923341991
0.0,1585,4638,8637
5.480638923341991
0.0,178,479,2453,2628,2719
0.0,41,50,1157,1259,4303,6245
1.3862943611198906,1166,4723
5.480638923341991
0.0,22,41,163,1157,4303,7229,7842
0.0,900,904,913
0.0,208,397,7853,8659
0.0,2305,5068,7318
0.0,445,913,2540,4356
0.0,90,313,357,358,1543,2876,4553,4638,8342
0.0,917,928,4638
0.0,6174,6413,7205,8660
0.6931471805599453,1517,5427
0.0,840,846,2335,4811
0.0,1013,2964,10092
0.0,1229,2224,4356,8666
0.0,101,405,666,1157,2060,2205,3646,7017
0.0,218,304,1663,1665,1871,3633,4638
5.480638923341991
0.0,4161,8672
0.0,672,900,904,4077,6435
0.0,22,90,357,358,1234,1235,1543,4553,4638
0.0,101,3646,8674
0.0,1727,2552,3495
0.0,433,435,3857
0.0,989,3017,3022,3294,6784,8676
0.0,1157,2962,6331,8677
0.0,1289,4811,4934
0.0,972,3396,8683
0.0,529,1845,4860,6413,8010
5.480638923341991
0.6931471805599453,900,901,904,7542
0.0,81,3492,4399,6413
0.0,323,2552,2886,3517
0.0,70,3228,5542,8696
0.0,4017,4165,4638,5831
0.0,1724,5358,6406
0.0,3476,4487,9223
0.0,571,593,7762
0.0,1393,1395,1585,7847,8637
0.0,367,3726,5545,6545,7847
0.0,536,2452,3017,3022,5309
0.0,119,4638,8705
0.0,8555,8706
0.0,335,342,5242
0.0,1456,2316,2502,8712
0.0,475,6572
0.0,38,346,989,3295,6413,6784
0.0,90,357,358,1193,1543,2155,4148,4553,4638
0.0,265,335,342,3857,5857,6867,8904
5.480638923341991
0.0,2305,2505,2690,3114,4573,8730
0.0,747,1157,6943,8734,8897
0.6931471805599453,6919,6922
0.6931471805599453,218,901,1663,1665,3633,7542
0.0,22,90,357,358,445,900,904,1110,1543,2540,3017,3022,4553
0.6931471805599453,1226,1517,3080,5427
0.0,825,1806,2185,8737,8738,9223
0.0,1724,1827,2271,8740
0.6931471805599453,9615
0.0,323,607,1157,2205,2886,5522
5.480638923341991
0.0,367,934,2491,2502,6545
0.0,620,623,1157,6262
0.0,8757
0.0,281,2552,5756
0.0,295,1118,1985,1988,3966
0.0,892,1166,3886,4638,4723
0.0,432,2452,8761
0.0,1698,4045,4762,7557,8762
0.0,304,1871,4315,4638,8763
0.0,258,303,1269,1531,4923
0.0,3727,4441
0.0,281,546,1157,1927,4259,5297,5756,7485
0.0,22,597,1173,3001,8771
0.0,199,200,736,840,841,846,3845,5684,5685
0.0,199,249,3753,3760
0.0,0,9,22,38,90,311,445,510,1543,2540,2967,3295,4385,6262
5.480638923341991
0.0,142,564,3108,4356
0.0,22,496,1786,1787,4638,6516,7190,8783
0.0,3857,5619,8424
0.0,361,2305,2631
0.0,4638,8784,8785
0.0,22,90,357,358,1234,1235,1543,3017,3022,4553
5.480638923341991
0.0,346,938,942,3058,4887,6413
0.0,145,146,527,858,4763
0.0,777,880,1570,2257,2682,4072,8205
0.0,1310,2245,7847
0.0,1121,1122,1124,7657
0.0,1724,8800,8801
5.480638923341991
5.480638923341991
5.480638923341991
0.0,357,358,4553,4638
5.480638923341991
0.0,8039,8815
0.0,1466,2311,2502,8712
0.0,1346,4135,5267,6413
0.0,1157,1837,2774,2786
0.0,559,3003,4638,5492
0.0,589,3839,7847,8822
0.0,22,39,49,90,893,1543,1784,1788,4093,5896
0.0,1310,2245,4638,7956
0.0,559,2305,5492
0.0,22,38,90,265,309,311,347,1543,2967,3295,3507,5052,6262,8904
0.0,672,1781,2279,3224,5287,6435
0.0,3531,4319,9405
0.0,22,262,3085,4638,7790,8829
0.0,3650,5242,5454
5.480638923341991
0.0,3090,5899,8837
0.0,729,1232,6934
0.0,8842
0.0,90,311,357,358,529,1466,1543,2311,2967,3017,3022,4553,8010
0.0,183,535,2158,6966
0.0,535,832,1099,1109,1622,1781,3224,4638,6966
0.0,3413
0.0,91,8846
5.480638923341991
0.0,8853
0.0,4713,4714,6413
0.0,41,1157,4303,8857,8858
0.0,2697,7692
0.0,2552,5795,6072
0.0,81,445,1051,1056,2305,2540,3492,4399
0.0,1013
0.0,6934,8867,8868
0.0,41,90,357,358,750,1543,4303,4553,4638
5.480638923341991
0.0,386,387,2294
0.0,2782,4356,8874
0.0,108,805,2552,5100
0.0,3400,3823,4491
0.0,399,3432,7464
0.0,298,1823,1845,3857,4860,8124
5.480638923341991
0.0,41,1157,1669,2821,4303,6444,7031
0.0,1807,5800,7013,8893,9223
0.0,747,1724,8897
0.0,334,1157,6501,7587
0.0,1649,5714,8334,8899
0.0,4337,6533
0.0,445,529,2540,6413,8010
0.0,265,4638,8904
0.0,270,3011,4964,8303
0.0,5702
5.480638923341991
5.480638923341991
0.0,2502,3138,6662,8922
0.0,22,8924,8925,9223
5.480638923341991
0.0,1013,1057,2305,10157
5.480638923341991
0.0,1149,1157,8938,8939
0.0,8943,9223
0.0,7597,8945
0.0,22,23,38,496,587,1315,3295,4638,6516
0.0,7271,8178
0.0,651,1013,1482,1484,2964,4073,10092
0.0,477,577,4372,8951
0.0,1649,2913,2914,5714,8953
0.0,510,1180,4385,6421,8149
0.0,304,1871,4356
0.0,15,1166,2488,4356,4723
0.0,311,445,2540,2967,9991
0.0,3017,3022,6617
0.0,1837,2774,6617
0.0,2964,3367,8962,10092
0.0,948,2452,5878,8965
0.0,884,3155,4717
0.0,564,631,3029,3108,3857,8968,9964
0.0,975,2716,3857
0.0,32,4638,8970
0.0,5037,8971
0.0,660,938,942,3058,4887,6413,9212
0.0,2788
0.0,0,9,50,90,405,510,1543,2060,4385,6262
0.0,313,618,1157,2204,5724,6402
5.480638923341991
0.0,698,830,2502,2953
0.0,2299,8423
0.0,3155,8700,8988
5.480638923341991
0.0,515,524
0.0,1062,1063,1649,5714
0.0,723,727,934,2491,7847
0.0,2452,9009,9010
0.0,6835
0.0,186,199,842,5935,7255,8147,9013
0.0,134,3174,8145
0.0,369,4638,5106
0.0,401,729,1157,1232
0.0,1417,2250,8145
0.0,638,878,1372,2502
0.0,8806,9015,9223
0.0,1665,3633,6413,9016,9018
0.0,22,258,1531,4923,6008,8253,9019
0.0,325,6124,8009
0.0,723,727,3324,3857
0.0,39,49,101,178,479,2453,2719,3646
0.0,1014,4519,4523,6413
0.0,41,110,1157,1166,4303,4465,4466,4723
0.0,3857,6913,9023
0.0,1157,1477,5579,5918
0.0,22,38,90,311,357,358,989,1543,2967,3017,3022,3295,4553,6784
0.0,564,628,3108,4638
0.0,1649,5714,5976,5977
0.0,22,50,283,496,4638,5295,5298,6181,6516
0.0,41,1157,4303,9026
0.0,98,134,1658,3174,4077,9031
0.0,146,347,3507
0.0,1649,2452,5714
0.0,186,199,208,397,5686,7255,9040
0.6931471805599453,1517,5427
0.0,747,1724,6080,8897,9047
0.0,7507,9048,9049
0.0,9054,9055,9223
0.0,3383,3384,4638
0.0,249,262,2502,3085
0.6931471805599453,829,3257
0.0,1157,9067
0.0,6413,9070
0.0,1033,1035,2552
0.0,1104,1112,3988
0.0,1779,3033,7586
0.0,1157,1352,2205,3452,9081
5.480638923341991
0.0,886,908,5435,6262
0.0,2452,3058,3172,3173,4887
0.0,242,3858,6087
0.0,218,901,1663,1665,3633,7542,9991
0.0,7628,9090
1.6094379124341003,3011,4964
0.0,1046,4356,6157,7015,8517
0.0,879,2552,5839
0.0,1612,2305,8406
5.480638923341991
0.0,421,1135,2502,4933
0.0,50,90,303,357,358,1269,1543,4553,4638
0.0,101,3646,8674,9991
0.0,1831,2552,4097
0.0,39,49,3857,4816,9105
1.3862943611198906,5148,5150
5.480638923341991
5.480638923341991
0.0,421,479,529,2719,8010
0.0,50,1311,4638,9122
0.0,3017,3022,9124,9125
0.0,2452,3563,9128
0.0,270,3526,3631,5032,8303
0.0,1072,2578
0.0,2452,3565,9132
0.0,167,913,2288,2289,4985
0.0,559,1649,5492,5714
0.0,771,784,7847
0.0,313,2954,3967,7074
0.0,98,1373,3857,5247
5.480638923341991
0.0,631,795,798,2644,3857,4918,9964
0.0,1806,1807,2185,7013,9140,9141,9223
0.0,1359,2162,2502,5632
0.0,1014,2964,4519,10092
0.0,1168,2502,7596
0.0,13,4638,9146
5.480638923341991
0.0,535,5549,6966,9151
0.0,41,1157,4303,9152,9153,9156
0.0,22,90,357,358,1237,1543,2676,4553,4638,7245,9249
5.480638923341991
0.0,6028,9172,9223
1.0986122886681098,3726,5545
0.0,4356,9174
0.0,1724,4152,9175
0.0,212,2644,3857,4222,4918
0.0,9179
0.0,1157,2223,2225,4145,4147
0.0,1837,2774,2786,4356
0.6931471805599453,1727,3495
0.0,50,90,405,1543,1784,1788,2060
0.0,4249,6444,7031
0.0,512,6621,9767
5.480638923341991
0.0,1009,1121,1124,1431,5461
0.0,1180,1528,9191
0.0,50,90,303,1269,1543,1784,1788
0.0,335,342,1571,7206
0.0,496,1974,3857,5388,6516
0.0,979,1626,1649,5714,8495,8607
5.480638923341991
5.480638923341991
0.0,96,2099,2502,4136
0.0,660,2552,9212
0.0,950,2452,4603,4730
0.0,934,1013,2491,4638
0.0,15,2488,3231,3232,3857
0.0,263,2596,2611,9216
0.0,900,904,2753,6413,7057
0.0,1157,9222,9223
0.0,94,100,1112,4734
0.0,2826,4638,9226
0.0,1237,2676,3228,6413,8696
0.0,0,9,510,4385,6262
0.0,4894,7956,8145,9236
0.0,218,1663,1665,3633
0.0,1216,1231,4491
0.0,672,2279,5287,6413,6435
0.0,185,186,190,199,208,397,7255
1.6094379124341003,1289,4934
0.0,3636,9243,9244
5.480638923341991
0.0,1062,1063,7847
0.6931471805599453,926,6947
0.0,1157,5246,9247
0.0,367,2502,6545
0.0,39,49,4505,7245,9249
5.480638923341991
0.0,1157,5245,9253
0.0,1352,2205,3452,4638
0.0,483,2648,6669
0.0,4951,5123,7115,9991
0.0,971,3672,9958
0.0,761,3155,6398
0.0,1726,2343,9958
5.480638923341991
0.0,407,908,2205,4356,5435
0.0,1727,3495,7847
0.0,199,9272,10006
0.0,3476,4487
0.0,479,2719,5242
0.0,3155,3800,8380
0.0,6,3146,7846
0.0,22,90,357,358,477,577,807,1356,1543,4553,4638
0.0,22,258,298,1531,4923,6955,8124
0.0,1033,1035,2162,2552,5632
0.6931471805599453,3400,3823
0.0,4282,4356,9290
0.0,426,4402,4638
0.0,490,975,2716
0.0,1284,6049,6397,7122
0.0,2845,2846,4077
1.0986122886681098,4197,4199
0.0,564,2644,3108,3857,4918
0.0,568,807,1356,1742,4219,4220
0.0,1157,6508,9305,9306
0.0,1775,2257,3155,6389
0.0,775,4741,5768
0.0,21,2111,4811
0.0,1157,7223,9311
0.0,22,90,477,577,807,1356,1543,1784,1788
0.0,41,1157,4303,5531,9313
0.0,783,1289,4356,4934,6109
0.0,1309,4638,9316,9317
5.480638923341991
0.0,386,387,2294,4638,4865
0.0,1013,1623,2552,5215
0.0,1157,5949,9324
0.0,41,1157,1815,4303,7946
5.480638923341991
0.0,5758
0.0,4426,4638,9334
0.6931471805599453,564,1014,3108,4519
0.0,761,1754,5043,6398
0.0,2224,6413,8666
1.0986122886681098,39,49
0.0,38,771,784,3295
0.6931471805599453,1051,1056
0.0,9223,9351
0.0,101,1157,3646,4713,4714
0.0,3155,6206,9354,9355
0.0,9356
0.0,1229,1724,2240,8034
0.0,1157,2483,5153
0.0,2913,2914
0.0,75,80,581
0.0,0,3,9,90,311,510,513,977,1154,1262,1543,2967,4385,6262
0.0,477,577,1355,4491,7212
0.0,3476,4487,4491
0.0,242,1649,3858,5714,6087
0.0,4420,9377
0.0,3354,5242,9380
0.6931471805599453,4851,7430
5.480638923341991
0.0,262,2826,3085,4077,9226
5.480638923341991
0.0,1180,7848,9395
0.0,407,908,1157,2205,5435
0.0,529,6413,8010,8580,8581
0.0,1311,1919,4638,5649,9122
0.0,612,3155,9398
0.0,270,8303,9399,9400
0.0,469,1649,5714,9402
0.0,265,547,647,4638,8904
0.0,1157,9405
0.0,3194,9407
0.0,2907,9409
0.0,15,2488,3146,4638,7846
0.0,1215,9415
0.0,22,70,90,183,1166,1543,1784,1788,2158,4723,5542
0.0,186,208,397,842,2272,5935,7255,7364
0.0,536,1649,5309,5714
0.0,22,90,357,358,1237,1543,2676,3017,3022,4553,7245,9249
0.0,655,1236,6284
0.6931471805599453,2887,2891
0.0,960,1240,2502,7660
0.0,470,2762,7847
0.0,1668,4488,4617,4618
0.0,1157,2728,3780,4649,9428
0.0,546,1157,6884,8069
0.0,38,3295,3436,3437,9991
0.0,22,22,38,496,997,1415,1416,2877,3295,3516,4638,6516
0.0,723,727,4348,4638
0.6931471805599453,9435,9437
0.0,2502,9142,9440
0.6931471805599453,9435,9437
0.0,323,2502,2886,4337,6533
0.0,212,367,638,1372,2502,4222,6545
0.0,22,304,1786,1787,1871,4638,7190,8783
5.480638923341991
0.0,288,298,1157,3064,8124
0.0,313,479,618,2204,2305,2719
5.480638923341991
0.0,9823
0.0,1226,1996,2001,3080,4491
0.0,15,41,1157,1786,2488,4303,8783
0.0,1996,2001,4811
0.6931471805599453,558,4262
5.480638923341991
0.0,3192,4638,8266
5.480638923341991
0.0,1157,1166,4723,8093,9465
0.0,1774,1996,2001,4491,6472
0.0,22,38,90,357,358,771,784,837,838,1543,3017,3022,3295,4553
0.0,3155,7594,9473
0.0,22,90,265,309,1216,1231,1543,5052,6262,8904,9480,9481
0.0,3443,3857,9482,9483
0.0,22,96,212,323,2552,2886,4222
0.0,367,564,628,2502,3108,6545
0.0,1157,9486
0.0,15,2488,2552
0.0,4488,7606,8493
0.0,41,1157,4303,9494,9495
0.0,22,50,90,357,358,618,1543,2204,3363,4553,4638
0.0,1088,4077,9499
0.0,1466,2311,2552
0.0,1139,1140,2552
0.0,3400,3823,9991
0.0,522,4083,4356,9507
0.0,3371,4076
0.0,529,771,784,6413,8010
0.0,723,727,5699,6413
0.0,4638,9443,9512
0.0,1157,8019,9515,9516
0.0,417,9520
0.6931471805599453,3013,5325
0.0,304,1871,3058,4638,4887
0.0,960,1240,1649,5714,7660
0.0,5232,9524
0.0,1649,5714,9529
0.0,50,90,303,357,358,1269,1543,3017,3022,4553
0.0,3703,3926,4638
0.0,361,972,2631
0.0,90,313,357,358,1543,2324,2326,4553,4638
0.0,1311,4541,4638,9122,9537
0.0,5818,9540
0.0,706,2290,2626
0.0,546,6413,6884,8069
0.0,6413,8757
0.0,22,807,1157,1356,2623,3233,5724,6402
0.0,22,381,9548,9550
0.0,22,258,1253,1531,4923,6584,6585,6586
0.0,110,1481,3939,3940,9991
5.480638923341991
0.6931471805599453,901,2033,3989,7542
0.0,5208,6026,9559
0.0,505,4638,9562
0.0,947,2452,9563
0.0,178,405,1036,2060,2453,3668,6413
5.480638923341991
5.480638923341991
0.0,6353,9570
0.6931471805599453,361,2631
0.0,6,753,1046,4633,4638,6157
0.0,4,3155,4806
0.0,477,577,8951,9571
0.0,901,4491,7542
0.0,1635,9574
0.0,1072,2578,4505
0.0,22,90,357,358,1543,1643,2864,4553,4638,4794
0.0,22,90,173,347,357,358,1543,1837,2774,3507,4493,4553,4559,4560,4638
5.480638923341991
0.0,270,7015,8303,8517
1.3862943611198906,2393,4656
0.0,167,913,2288,2289,4356,4985
0.0,98,3031,3857,9584
0.0,22,90,235,357,358,854,1543,3017,3022,4553,4854,4855,4856
5.480638923341991
0.0,966,1157,2224,3993,8666
0.0,617,6841
0.0,607,2552,5522
0.0,9601
0.0,529,4724,4725,6413,8010
0.0,2256,2257,2261,4638
0.0,3857,8207,8208
0.0,366,371,4638
0.0,22,90,357,358,1543,1786,1787,3017,3022,4553,7190,8783
5.480638923341991
0.6931471805599453,9615
0.0,496,688,998,2876,3291,4638,6516,8342
0.0,1237,2676,3228,8696
0.0,309,4638,5052
0.0,90,1193,1543,1784,1788,2155,4148
0.0,1727,2964,3495,10092
0.0,4638,5422,9618
0.0,2826,4638,5738,9226
0.0,75,80,1807,7013,9991
0.0,94,100,3518
1.0986122886681098,22,1643,2564,4794
0.0,41,1157,1259,4303,6245,9307
0.0,15,323,2488,2886,4638
0.0,7847,9627,9631
0.0,669,2113,2124,4356
5.480638923341991
0.0,2502,9634,9636
0.0,1517,3017,3022,5427
0.0,7620,9639
0.0,22,258,304,951,1216,1231,1531,1871,2684,4923
0.0,496,4406,4638,6516,6522
0.0,2552,6205,9643
0.0,22,38,311,347,496,2967,3295,3507,4638,6516
0.0,723,727,3324,6413
0.0,90,1543,1784,1788,4406,6522
0.0,1157,4646,4647,6720
0.6931471805599453,1013,1623,5215
0.0,1002,1157,3405,4650,6720,9651
0.0,37,1649,3151,3155,5714
0.0,258,1531,4923,8543,9658
0.0,2552,7383,7384
0.0,9223,9659
0.0,1502,9662
0.0,9223,9561,9664
5.480638923341991
0.0,2562,3017,3022,9669
0.0,4488,9670
0.0,41,1157,1289,2906,4303,4934
0.0,6491,6775
1.0986122886681098,651,1013,4073
0.0,304,1871,4032,4033,4638
0.0,399,1649,5714,7464
0.0,3289,6581
0.0,22,22,70,90,173,357,358,681,977,1262,1543,3017,3022,4493,4553,5542,5936
0.0,9677
0.0,4638,4986,9680
0.0,367,627,3155,4956,6545
0.0,470,2162,2502,2762,5632
0.0,2324,2326,2552
0.6931471805599453,3693,4404
0.0,218,913,1663,1665,3633,4356
0.0,4589,4590,9991
0.0,22,4002,4488,4896,6888,6889
0.0,146,3058,4887
0.0,913,1166,4356,4723
0.0,1157,5031,5033,9399,9400
5.480638923341991
0.0,146,2338,9694
0.0,15,335,342,1157,2488
0.0,2502,4065,9699
0.0,1237,2676,8145
0.0,22,413,1373,1482,1484,2964,5247,7490,10092
0.0,571,7762
0.0,9709,9710,9815
1.3862943611198906,2393,4656
0.0,6,4639,4640
0.0,5024,5549,9151
0.0,4208,5126
0.0,496,2257,6516
0.0,196
0.0,15,313,618,2204,2488,4638
0.0,2913,2914,8954
0.0,13,2502,5358,6406,9146
0.0,3903,3904
5.480638923341991
0.0,183,2158,4356,5303,9732
0.6931471805599453,901,2033,3989,7542
0.0,22,479,628,2719,4638
0.0,3526,3631,3857
0.0,1837,2774,7507,7797
0.0,672,807,1356,6413,6435
1.0986122886681098,2926,3190
0.0,313,568,618,1742,2204
0.0,2442,2552,4244
0.0,323,688,2552,2886,3291
0.0,6413,9743,9744
0.0,0,9,22,38,90,311,510,989,1543,2967,3295,4385,6262,6784
0.0,618,2204,10175
0.0,22,39,49,90,357,358,893,1543,3017,3022,4093,4553,5896
1.0986122886681098,3318,3326
0.0,2452,6917,7647
1.0986122886681098,2297,7174
0.0,90,357,358,688,998,1543,2876,3017,3022,3291,4553,8342
0.0,199,230,262,413,3085,7490,8252
0.6931471805599453,3237,5854
0.0,1259,6245,7249,9757,9758
0.0,22,304,1871,4638,6008,8253,9019
5.480638923341991
1.791759469228055,1837,2774
0.0,22,496,4032,4033,4562,4564,4638,4649,6516,9428
0.0,934,2491,6413
0.0,2959,3206,6124
0.6931471805599453,4811
0.0,186,199,842,4997,5935,7255,8575
0.0,1013,4541,4638,9537,9767
0.0,2388,9769
0.0,457,460,8510
0.0,558,559,4262,5492
0.0,723,724,727,6413
0.0,1014,4519,4638
0.0,50,90,357,358,405,1543,2060,3017,3022,4553
0.0,964,2628,6688
5.480638923341991
0.0,1157,9787,9788
0.0,1837,2774,2786
0.0,335,342,1499,6463,9767
0.0,90,357,358,688,998,1543,2876,3291,4553,4638,8342
0.0,4249,9793,9795
0.0,3850,5673
0.0,41,1157,4303,9801,9802
0.0,529,2452,8010
0.0,971,3672,9809
0.0,9810
0.0,9812,9813
0.0,1884,3084,3857,6548
0.0,439,3857,6094
0.0,723,727,6413,8316
0.0,175,589,6413,8822
0.0,2486,4638,4835,8039
0.0,761,6398,7507
0.0,1157,9819
5.480638923341991
0.0,22,38,90,311,347,1543,1784,1788,2967,3295,3507
0.0,535,6966,7317
0.0,1506,5127
0.0,15,445,2488,2540,4638
0.0,113,129,1014,2502,2923,4519
0.0,41,921,1157,4303,5171
0.0,3117,7095,8139
0.0,2456,9223,9827,9828
0.0,9830
0.0,405,2060,2552
0.0,41,1157,2728,3780,4303,4939,9837
5.480638923341991
0.0,2305
0.0,22,2181,6282,6410,9223
5.480638923341991
0.0,1665,3371,3633,4076
0.0,41,1157,1815,4303,9862,9866
0.0,41,1157,4303,7023,9869
0.0,6,4731,6810
5.480638923341991
0.0,41,1157,4303,9882
0.0,101,140,178,807,1356,2453,3646,6413
0.0,5112
0.0,304,1871,4589,4590,4638
0.0,529,3110,6413,8010,9890
0.0,6131,6534,9891,9893
0.0,22,50,359,359,496,1190,1190,4638,6516
5.480638923341991
0.0,2667,3052,4638,4967,9896
0.0,1157,9897
0.0,1157,9900
5.480638923341991
0.0,651,3169,4073,5913
0.0,421,479,807,1356,2719,4638
0.0,242,4638,6087,9904
0.0,41,90,357,358,750,1543,3017,3022,4303,4553
0.6931471805599453,900,901,904,7542
1.0986122886681098,2753,7057
0.0,325,2552,8009,9905
0.0,325,1649,5714,8009
0.0,1538,1550,2927
5.480638923341991
0.0,2084,4017,4638,5227
0.0,178,183,2158,2453
0.0,250,6413,9911
0.0,13,1013,4638,9146
0.0,186,199,842,947,5935,7255,9563
0.6931471805599453,382,1527
0.0,346,3492,4399,6413,7954
0.0,2552,2962,6331
0.6931471805599453,5475,5478
0.0,2552,9923
0.0,908,1157,4017,5435
5.480638923341991
5.480638923341991
0.0,4488,5358,6406
0.0,9934
0.0,199,951,2684
0.6931471805599453,829,3257
0.0,672,2279,3857,5287,6435
0.0,1104,3988,4931
0.0,1051,1056,2305
0.0,94,100,2502,4734
0.0,23,1315,1499,6124,6463
0.0,304,1871,4406,4638,6522
0.0,313,618,672,2204,6413,6435
0.0,1051,1056,4638
0.0,101,666,1157,1352,2205,3452,3646,7017
0.0,90,311,357,358,513,977,1262,1543,2967,3017,3022,4553
0.0,6413,9952
0.0,22,90,357,358,1543,3017,3022,4553,4646,4647,5276
0.0,7086,9953
0.0,22,90,1543,1591,1784,1788,3477,3822
0.0,2381,2552,9955
0.0,13,900,904,2041,4077,5339,9146
5.480638923341991
0.0,101,281,477,577,3646,5756,6413
0.0,257,631,2049,2667,3052,3857,9964
0.0,880,3017,3022,4072,5407,5625
0.0,6705,7191
0.0,311,2967,6413,6704,6783
5.480638923341991
5.480638923341991
0.0,38,258,771,784,1531,3295,4923
0.0,403,406,977,1262,6413
0.0,139,140,532,4638
0.0,4650,6534,9651
0.0,880,2257,4072,4638,7805,7958
0.0,346,998,2876,6413,8342
1.791759469228055,1837,2774
0.0,1570,2257,4638,8205
0.0,510,1180,1517,4385,5427
0.0,1157,9569,9983,9984
0.0,2257,4638,5619,8424
0.0,1815,2147,6413,8461
0.0,825,1806,2185,9223,9988,9989
0.0,752,1781,2279,3224,4638,5287
0.0,3577,4077,7890
0.0,405,407,2060,4356
0.0,688,1967,3291,7892,9991
0.0,568,1742
0.0,15,454,2488,3231,3232,9815,9993
0.0,960,1240,4638,7660
0.0,276,868,6010
0.0,3,6,1154,4013,8150
0.0,95,2290,2626,2628,7971
0.0,10004
0.0,1180,1506,4690,5127
0.0,186,199,842,5935,7255,9272,10006
0.0,2907,8952,10007
5.480638923341991
0.6931471805599453,304,1871,4638
0.0,311,347,2967,3507,6413
0.0,558,4262,10019
0.0,22,50,90,283,357,358,1543,3017,3022,4553,5295,5298,6181
0.0,41,977,1157,1262,2623,3233,4303
0.0,648,1121,1124,2502
0.0,399,7464
0.0,2927
0.0,2845,2846
0.0,5898,10028
0.0,262,367,2502,3085,6545
0.0,258,1531,3145,6117
0.0,96,323,2502,2886
0.0,22,571,7762,9958,10035
0.0,265,2964,8904,10039,10040,10092
0.0,173,589,1157,2695,4493,8822
0.0,22,90,218,265,309,1331,1349,1543,1663,2767,5052,6262,7658,8904
5.480638923341991
0.0,1649,5714,10045,10046
0.0,837,838,1806,1807,2185,7013,9223
0.0,22,38,304,1871,2427,2428,2441,3295,4638,6034
0.0,185,186,190,199,200,840,841,846,3845,7255
0.0,346,483,3371,4076,6413,6669
0.0,4762,10051,10052
0.0,2552,3077,4355
0.0,22,496,4638,4646,4647,5276,6516
0.6931471805599453,558,4262
5.480638923341991
5.480638923341991
5.480638923341991
0.6931471805599453,1157
0.0,3395,3801,7507
5.480638923341991
0.0,1806,1807,2185,3251,3252,7013,9223
0.0,22,50,90,357,358,618,1543,2204,3017,3022,3363,4553
0.0,178,723,727,2453,4356
0.0,971,3672,4488
0.0,6313,10077
0.6931471805599453,6704,6783
0.0,218,1430,1663,1665,3633,5201,9991
0.0,4077,7773,10080
0.6931471805599453,564,3108
5.480638923341991
0.0,631,2062,2257,3819,4638,5866,9964
0.0,960,1164,2964,10091,10092
0.0,6413,10095,10096
0.0,1121,1122,1124,8145
0.0,756,4356,10097
0.0,183,2158,4638
0.0,1055,1548,7630,7847
0.0,2735,4638,10103
0.0,186,199,842,948,5878,5935,7255,8965
0.0,3857,3908,8319
0.6931471805599453,2486,4835
0.0,6413,10109
0.0,546,607,1157,5522
0.0,3400,3614,3823
0.0,183,382,1527,2158,3857
0.0,948,2452,4230,4231
0.0,2552,6625,10113
0.0,723,727,3857,5699
0.0,6413,6704,6783
0.0,1837,2774,10019
0.0,108,3155,5100
0.0,4990,10114
0.0,506,972,4461
0.0,50,9991,10119,10120
0.0,811,1122,1658,4077,4872,9031
0.0,1157,8541,10121
0.0,323,1845,2552,2886,4860
5.480638923341991
0.0,832,1622,2552
0.0,50,90,357,358,405,1543,2060,4553,4638
0.6931471805599453,1310,2245
5.480638923341991
0.0,977,1262,7710
0.0,85,2219,2552,3940,6891,10133
0.0,298,1157,8124,10134,10135
0.0,510,697,1727,2964,3495,4385,5257,10092
0.0,1157,1237,2676,5765,10140
0.0,167,2288,2289,4985,6124
0.0,22,90,1543,1643,1784,1788,2864,4794
5.480638923341991
0.0,178,445,2453,2540,4638
0.0,1354,6413,10148
5.480638923341991
0.0,2982,4251,6112,6413,10156
0.0,1057,2552,10157
0.0,1157,2155,4148,10158
0.0,367,2502,6545,6888,6889
0.0,1919,5649,5994
0.0,361,1013,2631,7847
0.0,1698,6413,8762
0.0,94,100,2960,7847
0.0,186,199,842,5935,6917,7255,7647
0.0,421,564,2644,3108,3857,4918
0.0,510,1727,2207,2208,3495,4385,6262
0.0,7853,8659,9223
0.0,6413,10170
0.0,15,41,1157,1787,2488,4303,7190
1.6094379124341003,3011,4964
5.480638923341991
0.0,10175
0.0,1989,4800,4864,7829,7830
0.0,265,634,988,1466,2311,2502,8904
0.0,218,1663,1665,3633,9991
